passage_id,text_id,origin_type,genre,task,unit_id,gold_label,pred_label,is_onomatopoeia,is_diminutive
P001,RUS-O-01,RUS-O,prose,boundary,s7,1,1,0,0
P001,RUS-O-01,RUS-O,prose,coord_any,s7,1,1,0,0
P001,RUS-O-01,RUS-O,prose,coord_clause,s7,0,,0,0
P001,RUS-O-01,RUS-O,prose,boundary,s8,1,1,0,0
P001,RUS-O-01,RUS-O,prose,coord_any,s8,1,1,0,0
P001,RUS-O-01,RUS-O,prose,coord_clause,s8,0,,0,0
P001,RUS-O-01,RUS-O,prose,boundary,s9,1,1,0,0
P001,RUS-O-01,RUS-O,prose,coord_any,s9,1,1,0,0
P001,RUS-O-01,RUS-O,prose,coord_clause,s9,0,,0,0
P001,RUS-O-01,RUS-O,prose,boundary,s10,1,1,0,0
P001,RUS-O-01,RUS-O,prose,coord_any,s10,1,1,0,0
P001,RUS-O-01,RUS-O,prose,coord_clause,s10,0,,0,0
P001,RUS-O-01,RUS-O,prose,boundary,s11,1,1,0,0
P001,RUS-O-01,RUS-O,prose,coord_any,s11,1,1,0,0
P001,RUS-O-01,RUS-O,prose,coord_clause,s11,0,,0,0
P002,RUS-O-02,RUS-O,prose,boundary,s24,1,1,0,0
P002,RUS-O-02,RUS-O,prose,coord_any,s24,1,1,0,0
P002,RUS-O-02,RUS-O,prose,coord_clause,s24,0,,0,0
P002,RUS-O-02,RUS-O,prose,boundary,s25,1,1,0,0
P002,RUS-O-02,RUS-O,prose,coord_any,s25,0,0,0,0
P002,RUS-O-02,RUS-O,prose,coord_clause,s25,0,,0,0
P002,RUS-O-02,RUS-O,prose,boundary,s26,1,1,0,0
P002,RUS-O-02,RUS-O,prose,coord_any,s26,1,1,0,0
P002,RUS-O-02,RUS-O,prose,coord_clause,s26,0,,0,0
P002,RUS-O-02,RUS-O,prose,boundary,s27,1,1,0,0
P002,RUS-O-02,RUS-O,prose,coord_any,s27,0,1,0,0
P002,RUS-O-02,RUS-O,prose,coord_clause,s27,0,,0,0
P002,RUS-O-02,RUS-O,prose,boundary,s28,1,1,0,0
P002,RUS-O-02,RUS-O,prose,coord_any,s28,0,1,0,0
P002,RUS-O-02,RUS-O,prose,coord_clause,s28,0,,0,0
P003,RUS-O-03,RUS-O,prose,boundary,s373,1,1,0,0
P003,RUS-O-03,RUS-O,prose,coord_any,s373,0,0,0,0
P003,RUS-O-03,RUS-O,prose,coord_clause,s373,0,,0,0
P003,RUS-O-03,RUS-O,prose,boundary,s374,1,1,0,0
P003,RUS-O-03,RUS-O,prose,coord_any,s374,0,1,0,0
P003,RUS-O-03,RUS-O,prose,coord_clause,s374,0,,0,0
P003,RUS-O-03,RUS-O,prose,boundary,s375,1,1,0,0
P003,RUS-O-03,RUS-O,prose,coord_any,s375,0,0,0,0
P003,RUS-O-03,RUS-O,prose,coord_clause,s375,0,,0,0
P003,RUS-O-03,RUS-O,prose,boundary,s376,1,1,0,0
P003,RUS-O-03,RUS-O,prose,coord_any,s376,0,1,0,0
P003,RUS-O-03,RUS-O,prose,coord_clause,s376,0,,0,0
P003,RUS-O-03,RUS-O,prose,boundary,s377,1,1,0,0
P003,RUS-O-03,RUS-O,prose,coord_any,s377,0,0,0,0
P003,RUS-O-03,RUS-O,prose,coord_clause,s377,0,,0,0
P004,RUS-O-04,RUS-O,prose,boundary,s31,1,1,0,0
P004,RUS-O-04,RUS-O,prose,coord_any,s31,0,1,0,0
P004,RUS-O-04,RUS-O,prose,coord_clause,s31,0,,0,0
P004,RUS-O-04,RUS-O,prose,boundary,s32,1,1,0,0
P004,RUS-O-04,RUS-O,prose,coord_any,s32,0,0,0,0
P004,RUS-O-04,RUS-O,prose,coord_clause,s32,0,,0,0
P004,RUS-O-04,RUS-O,prose,boundary,s33,1,1,0,0
P004,RUS-O-04,RUS-O,prose,coord_any,s33,0,1,0,0
P004,RUS-O-04,RUS-O,prose,coord_clause,s33,0,,0,0
P004,RUS-O-04,RUS-O,prose,boundary,s34,1,1,0,0
P004,RUS-O-04,RUS-O,prose,coord_any,s34,0,0,0,0
P004,RUS-O-04,RUS-O,prose,coord_clause,s34,0,,0,0
P004,RUS-O-04,RUS-O,prose,boundary,s35,1,1,0,0
P004,RUS-O-04,RUS-O,prose,coord_any,s35,0,0,0,0
P004,RUS-O-04,RUS-O,prose,coord_clause,s35,0,,0,0
P005,RUS-O-05,RUS-O,prose,boundary,s4,1,1,0,0
P005,RUS-O-05,RUS-O,prose,coord_any,s4,1,1,0,0
P005,RUS-O-05,RUS-O,prose,coord_clause,s4,0,,0,0
P005,RUS-O-05,RUS-O,prose,boundary,s5,1,1,0,0
P005,RUS-O-05,RUS-O,prose,coord_any,s5,0,1,0,0
P005,RUS-O-05,RUS-O,prose,coord_clause,s5,0,,0,0
P005,RUS-O-05,RUS-O,prose,boundary,s6,1,1,0,0
P005,RUS-O-05,RUS-O,prose,coord_any,s6,0,1,0,0
P005,RUS-O-05,RUS-O,prose,coord_clause,s6,0,,0,0
P005,RUS-O-05,RUS-O,prose,boundary,s7,1,1,0,0
P005,RUS-O-05,RUS-O,prose,coord_any,s7,0,1,0,0
P005,RUS-O-05,RUS-O,prose,coord_clause,s7,0,,0,0
P005,RUS-O-05,RUS-O,prose,boundary,s8,1,1,0,0
P005,RUS-O-05,RUS-O,prose,coord_any,s8,0,0,0,0
P005,RUS-O-05,RUS-O,prose,coord_clause,s8,0,,0,0
P006,RUS-O-06,RUS-O,prose,boundary,s323,1,1,0,0
P006,RUS-O-06,RUS-O,prose,coord_any,s323,1,1,0,0
P006,RUS-O-06,RUS-O,prose,coord_clause,s323,0,,0,0
P006,RUS-O-06,RUS-O,prose,boundary,s324,1,1,0,0
P006,RUS-O-06,RUS-O,prose,coord_any,s324,0,1,0,0
P006,RUS-O-06,RUS-O,prose,coord_clause,s324,0,,0,0
P006,RUS-O-06,RUS-O,prose,boundary,s325,1,1,0,0
P006,RUS-O-06,RUS-O,prose,coord_any,s325,0,1,0,0
P006,RUS-O-06,RUS-O,prose,coord_clause,s325,0,,0,0
P006,RUS-O-06,RUS-O,prose,boundary,s326,1,1,0,0
P006,RUS-O-06,RUS-O,prose,coord_any,s326,0,0,0,0
P006,RUS-O-06,RUS-O,prose,coord_clause,s326,0,,0,0
P006,RUS-O-06,RUS-O,prose,boundary,s327,1,1,0,0
P006,RUS-O-06,RUS-O,prose,coord_any,s327,0,0,0,0
P006,RUS-O-06,RUS-O,prose,coord_clause,s327,0,,0,0
P007,RUS-O-07,RUS-O,prose,boundary,s113,1,1,0,0
P007,RUS-O-07,RUS-O,prose,coord_any,s113,0,0,0,0
P007,RUS-O-07,RUS-O,prose,coord_clause,s113,0,,0,0
P007,RUS-O-07,RUS-O,prose,boundary,s114,1,1,0,0
P007,RUS-O-07,RUS-O,prose,coord_any,s114,0,0,0,0
P007,RUS-O-07,RUS-O,prose,coord_clause,s114,0,,0,0
P007,RUS-O-07,RUS-O,prose,boundary,s115,1,1,0,0
P007,RUS-O-07,RUS-O,prose,coord_any,s115,0,0,0,0
P007,RUS-O-07,RUS-O,prose,coord_clause,s115,0,,0,0
P007,RUS-O-07,RUS-O,prose,boundary,s116,1,1,0,0
P007,RUS-O-07,RUS-O,prose,coord_any,s116,1,1,0,0
P007,RUS-O-07,RUS-O,prose,coord_clause,s116,0,,0,0
P007,RUS-O-07,RUS-O,prose,boundary,s117,1,1,0,0
P007,RUS-O-07,RUS-O,prose,coord_any,s117,0,1,0,0
P007,RUS-O-07,RUS-O,prose,coord_clause,s117,0,,0,0
P008,RUS-O-08,RUS-O,prose,boundary,s55,1,1,0,0
P008,RUS-O-08,RUS-O,prose,coord_any,s55,1,1,0,0
P008,RUS-O-08,RUS-O,prose,coord_clause,s55,0,,0,0
P008,RUS-O-08,RUS-O,prose,boundary,s56,1,1,0,0
P008,RUS-O-08,RUS-O,prose,coord_any,s56,0,1,0,0
P008,RUS-O-08,RUS-O,prose,coord_clause,s56,1,,0,0
P008,RUS-O-08,RUS-O,prose,boundary,s57,1,1,0,0
P008,RUS-O-08,RUS-O,prose,coord_any,s57,0,1,0,0
P008,RUS-O-08,RUS-O,prose,coord_clause,s57,0,,0,0
P008,RUS-O-08,RUS-O,prose,boundary,s58,1,1,0,0
P008,RUS-O-08,RUS-O,prose,coord_any,s58,0,0,0,0
P008,RUS-O-08,RUS-O,prose,coord_clause,s58,0,,0,0
P008,RUS-O-08,RUS-O,prose,boundary,s59,1,1,0,0
P008,RUS-O-08,RUS-O,prose,coord_any,s59,0,0,0,0
P008,RUS-O-08,RUS-O,prose,coord_clause,s59,0,,0,0
P009,RUS-O-09,RUS-O,prose,boundary,s63,1,1,0,0
P009,RUS-O-09,RUS-O,prose,coord_any,s63,0,1,0,0
P009,RUS-O-09,RUS-O,prose,coord_clause,s63,0,,0,0
P009,RUS-O-09,RUS-O,prose,boundary,s64,1,1,0,0
P009,RUS-O-09,RUS-O,prose,coord_any,s64,0,0,0,0
P009,RUS-O-09,RUS-O,prose,coord_clause,s64,0,,0,0
P009,RUS-O-09,RUS-O,prose,boundary,s65,1,1,0,0
P009,RUS-O-09,RUS-O,prose,coord_any,s65,1,1,0,0
P009,RUS-O-09,RUS-O,prose,coord_clause,s65,0,,0,0
P009,RUS-O-09,RUS-O,prose,boundary,s66,1,1,0,0
P009,RUS-O-09,RUS-O,prose,coord_any,s66,0,1,0,0
P009,RUS-O-09,RUS-O,prose,coord_clause,s66,0,,0,0
P009,RUS-O-09,RUS-O,prose,boundary,s67,1,1,0,0
P009,RUS-O-09,RUS-O,prose,coord_any,s67,1,1,0,0
P009,RUS-O-09,RUS-O,prose,coord_clause,s67,0,,0,0
P010,RUS-O-10,RUS-O,prose,boundary,s151,1,1,0,0
P010,RUS-O-10,RUS-O,prose,coord_any,s151,0,0,0,0
P010,RUS-O-10,RUS-O,prose,coord_clause,s151,0,,0,0
P010,RUS-O-10,RUS-O,prose,boundary,s152,1,1,0,0
P010,RUS-O-10,RUS-O,prose,coord_any,s152,0,0,0,0
P010,RUS-O-10,RUS-O,prose,coord_clause,s152,0,,0,0
P010,RUS-O-10,RUS-O,prose,boundary,s153,1,1,0,0
P010,RUS-O-10,RUS-O,prose,coord_any,s153,0,0,0,0
P010,RUS-O-10,RUS-O,prose,coord_clause,s153,0,,0,0
P010,RUS-O-10,RUS-O,prose,boundary,s154,1,1,0,0
P010,RUS-O-10,RUS-O,prose,coord_any,s154,0,0,0,0
P010,RUS-O-10,RUS-O,prose,coord_clause,s154,0,,0,0
P010,RUS-O-10,RUS-O,prose,boundary,s155,1,1,0,0
P010,RUS-O-10,RUS-O,prose,coord_any,s155,0,1,0,0
P010,RUS-O-10,RUS-O,prose,coord_clause,s155,0,,0,0
P011,RUS-O-11,RUS-O,prose,boundary,s483,1,1,0,0
P011,RUS-O-11,RUS-O,prose,coord_any,s483,0,0,0,0
P011,RUS-O-11,RUS-O,prose,coord_clause,s483,0,,0,0
P011,RUS-O-11,RUS-O,prose,boundary,s484,1,1,0,0
P011,RUS-O-11,RUS-O,prose,coord_any,s484,0,1,0,0
P011,RUS-O-11,RUS-O,prose,coord_clause,s484,0,,0,0
P011,RUS-O-11,RUS-O,prose,boundary,s485,1,1,0,0
P011,RUS-O-11,RUS-O,prose,coord_any,s485,1,1,0,0
P011,RUS-O-11,RUS-O,prose,coord_clause,s485,0,,0,0
P011,RUS-O-11,RUS-O,prose,boundary,s486,1,1,0,0
P011,RUS-O-11,RUS-O,prose,coord_any,s486,0,0,0,0
P011,RUS-O-11,RUS-O,prose,coord_clause,s486,0,,0,0
P011,RUS-O-11,RUS-O,prose,boundary,s487,1,1,0,0
P011,RUS-O-11,RUS-O,prose,coord_any,s487,0,0,0,0
P011,RUS-O-11,RUS-O,prose,coord_clause,s487,0,,0,0
P012,RUS-O-12,RUS-O,prose,boundary,s189,1,1,0,0
P012,RUS-O-12,RUS-O,prose,coord_any,s189,0,0,0,0
P012,RUS-O-12,RUS-O,prose,coord_clause,s189,0,,0,0
P012,RUS-O-12,RUS-O,prose,boundary,s190,1,1,0,0
P012,RUS-O-12,RUS-O,prose,coord_any,s190,0,1,0,0
P012,RUS-O-12,RUS-O,prose,coord_clause,s190,0,,0,0
P012,RUS-O-12,RUS-O,prose,boundary,s191,1,1,0,0
P012,RUS-O-12,RUS-O,prose,coord_any,s191,0,1,0,0
P012,RUS-O-12,RUS-O,prose,coord_clause,s191,0,,0,0
P012,RUS-O-12,RUS-O,prose,boundary,s192,1,1,0,0
P012,RUS-O-12,RUS-O,prose,coord_any,s192,0,1,0,0
P012,RUS-O-12,RUS-O,prose,coord_clause,s192,0,,0,0
P012,RUS-O-12,RUS-O,prose,boundary,s193,1,1,0,0
P012,RUS-O-12,RUS-O,prose,coord_any,s193,0,0,0,0
P012,RUS-O-12,RUS-O,prose,coord_clause,s193,0,,0,0
P013,RUS-O-13,RUS-O,prose,boundary,s82,1,1,0,0
P013,RUS-O-13,RUS-O,prose,coord_any,s82,0,0,0,0
P013,RUS-O-13,RUS-O,prose,coord_clause,s82,0,,0,0
P013,RUS-O-13,RUS-O,prose,boundary,s83,1,1,0,0
P013,RUS-O-13,RUS-O,prose,coord_any,s83,0,0,0,0
P013,RUS-O-13,RUS-O,prose,coord_clause,s83,0,,0,0
P013,RUS-O-13,RUS-O,prose,boundary,s84,1,1,0,0
P013,RUS-O-13,RUS-O,prose,coord_any,s84,0,0,0,0
P013,RUS-O-13,RUS-O,prose,coord_clause,s84,0,,0,0
P013,RUS-O-13,RUS-O,prose,boundary,s85,1,1,0,0
P013,RUS-O-13,RUS-O,prose,coord_any,s85,1,1,0,0
P013,RUS-O-13,RUS-O,prose,coord_clause,s85,0,,0,0
P013,RUS-O-13,RUS-O,prose,boundary,s86,1,1,0,0
P013,RUS-O-13,RUS-O,prose,coord_any,s86,0,1,0,0
P013,RUS-O-13,RUS-O,prose,coord_clause,s86,0,,0,0
P014,RUS-O-14,RUS-O,prose,boundary,s8,1,1,0,0
P014,RUS-O-14,RUS-O,prose,coord_any,s8,0,0,0,0
P014,RUS-O-14,RUS-O,prose,coord_clause,s8,0,,0,0
P014,RUS-O-14,RUS-O,prose,boundary,s9,1,1,0,0
P014,RUS-O-14,RUS-O,prose,coord_any,s9,1,1,0,0
P014,RUS-O-14,RUS-O,prose,coord_clause,s9,0,,0,0
P014,RUS-O-14,RUS-O,prose,boundary,s10,1,1,0,0
P014,RUS-O-14,RUS-O,prose,coord_any,s10,0,1,0,0
P014,RUS-O-14,RUS-O,prose,coord_clause,s10,0,,0,0
P014,RUS-O-14,RUS-O,prose,boundary,s11,1,1,0,0
P014,RUS-O-14,RUS-O,prose,coord_any,s11,0,1,0,0
P014,RUS-O-14,RUS-O,prose,coord_clause,s11,0,,0,0
P014,RUS-O-14,RUS-O,prose,boundary,s12,1,1,0,0
P014,RUS-O-14,RUS-O,prose,coord_any,s12,0,1,0,0
P014,RUS-O-14,RUS-O,prose,coord_clause,s12,1,,0,0
P015,RUS-O-15,RUS-O,prose,boundary,s41,1,1,0,0
P015,RUS-O-15,RUS-O,prose,coord_any,s41,0,1,0,0
P015,RUS-O-15,RUS-O,prose,coord_clause,s41,0,,0,0
P015,RUS-O-15,RUS-O,prose,boundary,s42,1,1,0,0
P015,RUS-O-15,RUS-O,prose,coord_any,s42,1,1,0,0
P015,RUS-O-15,RUS-O,prose,coord_clause,s42,0,,0,0
P015,RUS-O-15,RUS-O,prose,boundary,s43,1,1,0,0
P015,RUS-O-15,RUS-O,prose,coord_any,s43,0,1,0,0
P015,RUS-O-15,RUS-O,prose,coord_clause,s43,1,,0,0
P015,RUS-O-15,RUS-O,prose,boundary,s44,1,1,0,0
P015,RUS-O-15,RUS-O,prose,coord_any,s44,0,1,0,0
P015,RUS-O-15,RUS-O,prose,coord_clause,s44,0,,0,0
P015,RUS-O-15,RUS-O,prose,boundary,s45,1,1,0,0
P015,RUS-O-15,RUS-O,prose,coord_any,s45,0,0,0,0
P015,RUS-O-15,RUS-O,prose,coord_clause,s45,0,,0,0
P016,RUS-O-16,RUS-O,prose,boundary,s61,1,1,0,0
P016,RUS-O-16,RUS-O,prose,coord_any,s61,0,0,0,0
P016,RUS-O-16,RUS-O,prose,coord_clause,s61,0,,0,0
P016,RUS-O-16,RUS-O,prose,boundary,s62,1,1,0,0
P016,RUS-O-16,RUS-O,prose,coord_any,s62,0,0,0,0
P016,RUS-O-16,RUS-O,prose,coord_clause,s62,0,,0,0
P016,RUS-O-16,RUS-O,prose,boundary,s63,1,1,0,0
P016,RUS-O-16,RUS-O,prose,coord_any,s63,1,1,0,0
P016,RUS-O-16,RUS-O,prose,coord_clause,s63,0,,0,0
P016,RUS-O-16,RUS-O,prose,boundary,s64,1,1,0,0
P016,RUS-O-16,RUS-O,prose,coord_any,s64,0,1,0,0
P016,RUS-O-16,RUS-O,prose,coord_clause,s64,0,,0,0
P016,RUS-O-16,RUS-O,prose,boundary,s65,1,1,0,0
P016,RUS-O-16,RUS-O,prose,coord_any,s65,1,1,0,0
P016,RUS-O-16,RUS-O,prose,coord_clause,s65,0,,0,0
P017,RUS-O-22,RUS-O,verse,boundary,s229,1,1,0,0
P017,RUS-O-22,RUS-O,verse,coord_any,s229,0,0,0,0
P017,RUS-O-22,RUS-O,verse,coord_clause,s229,0,,0,0
P017,RUS-O-22,RUS-O,verse,boundary,s230,1,1,0,0
P017,RUS-O-22,RUS-O,verse,coord_any,s230,0,0,0,0
P017,RUS-O-22,RUS-O,verse,coord_clause,s230,0,,0,0
P017,RUS-O-22,RUS-O,verse,boundary,s231,1,1,0,0
P017,RUS-O-22,RUS-O,verse,coord_any,s231,0,0,0,0
P017,RUS-O-22,RUS-O,verse,coord_clause,s231,0,,0,0
P017,RUS-O-22,RUS-O,verse,boundary,s232,1,1,0,0
P017,RUS-O-22,RUS-O,verse,coord_any,s232,0,1,0,0
P017,RUS-O-22,RUS-O,verse,coord_clause,s232,0,,0,0
P017,RUS-O-22,RUS-O,verse,boundary,s233,1,1,0,0
P017,RUS-O-22,RUS-O,verse,coord_any,s233,0,0,0,0
P017,RUS-O-22,RUS-O,verse,coord_clause,s233,0,,0,0
P018,RUS-O-28,RUS-O,verse,boundary,s17,1,1,0,0
P018,RUS-O-28,RUS-O,verse,coord_any,s17,0,0,0,0
P018,RUS-O-28,RUS-O,verse,coord_clause,s17,0,,0,0
P018,RUS-O-28,RUS-O,verse,boundary,s18,1,1,0,0
P018,RUS-O-28,RUS-O,verse,coord_any,s18,0,0,0,0
P018,RUS-O-28,RUS-O,verse,coord_clause,s18,0,,0,0
P018,RUS-O-28,RUS-O,verse,boundary,s19,1,1,0,0
P018,RUS-O-28,RUS-O,verse,coord_any,s19,0,1,0,0
P018,RUS-O-28,RUS-O,verse,coord_clause,s19,0,,0,0
P018,RUS-O-28,RUS-O,verse,boundary,s20,1,1,0,0
P018,RUS-O-28,RUS-O,verse,coord_any,s20,0,1,0,0
P018,RUS-O-28,RUS-O,verse,coord_clause,s20,0,,0,0
P018,RUS-O-28,RUS-O,verse,boundary,s21,1,1,0,0
P018,RUS-O-28,RUS-O,verse,coord_any,s21,0,0,0,0
P018,RUS-O-28,RUS-O,verse,coord_clause,s21,0,,0,0
P019,RUS-O-32,RUS-O,verse,boundary,s20,1,1,0,0
P019,RUS-O-32,RUS-O,verse,coord_any,s20,0,1,0,0
P019,RUS-O-32,RUS-O,verse,coord_clause,s20,0,,0,0
P019,RUS-O-32,RUS-O,verse,boundary,s21,1,1,0,0
P019,RUS-O-32,RUS-O,verse,coord_any,s21,0,0,0,0
P019,RUS-O-32,RUS-O,verse,coord_clause,s21,0,,0,0
P019,RUS-O-32,RUS-O,verse,boundary,s22,1,1,0,0
P019,RUS-O-32,RUS-O,verse,coord_any,s22,0,1,0,0
P019,RUS-O-32,RUS-O,verse,coord_clause,s22,0,,0,0
P019,RUS-O-32,RUS-O,verse,boundary,s23,1,1,0,0
P019,RUS-O-32,RUS-O,verse,coord_any,s23,1,1,0,0
P019,RUS-O-32,RUS-O,verse,coord_clause,s23,0,,0,0
P019,RUS-O-32,RUS-O,verse,boundary,s24,1,1,0,0
P019,RUS-O-32,RUS-O,verse,coord_any,s24,0,1,0,0
P019,RUS-O-32,RUS-O,verse,coord_clause,s24,0,,0,0
P020,RUS-O-50,RUS-O,verse,boundary,s61,1,1,0,0
P020,RUS-O-50,RUS-O,verse,coord_any,s61,1,1,0,0
P020,RUS-O-50,RUS-O,verse,coord_clause,s61,0,,0,0
P020,RUS-O-50,RUS-O,verse,boundary,s62,1,1,0,0
P020,RUS-O-50,RUS-O,verse,coord_any,s62,0,0,0,0
P020,RUS-O-50,RUS-O,verse,coord_clause,s62,0,,0,0
P020,RUS-O-50,RUS-O,verse,boundary,s63,1,1,0,0
P020,RUS-O-50,RUS-O,verse,coord_any,s63,1,1,0,0
P020,RUS-O-50,RUS-O,verse,coord_clause,s63,0,,0,0
P020,RUS-O-50,RUS-O,verse,boundary,s64,1,1,0,0
P020,RUS-O-50,RUS-O,verse,coord_any,s64,0,1,0,0
P020,RUS-O-50,RUS-O,verse,coord_clause,s64,0,,0,0
P020,RUS-O-50,RUS-O,verse,boundary,s65,1,1,0,0
P020,RUS-O-50,RUS-O,verse,coord_any,s65,1,1,0,0
P020,RUS-O-50,RUS-O,verse,coord_clause,s65,0,,0,0
P021,RUS-T-01,RUS-T,prose,boundary,s90,1,1,0,0
P021,RUS-T-01,RUS-T,prose,coord_any,s90,1,1,0,0
P021,RUS-T-01,RUS-T,prose,coord_clause,s90,0,,0,0
P021,RUS-T-01,RUS-T,prose,boundary,s91,1,1,0,0
P021,RUS-T-01,RUS-T,prose,coord_any,s91,0,1,0,0
P021,RUS-T-01,RUS-T,prose,coord_clause,s91,0,,0,0
P021,RUS-T-01,RUS-T,prose,boundary,s92,1,1,0,0
P021,RUS-T-01,RUS-T,prose,coord_any,s92,0,0,0,0
P021,RUS-T-01,RUS-T,prose,coord_clause,s92,0,,0,0
P021,RUS-T-01,RUS-T,prose,boundary,s93,1,1,0,0
P021,RUS-T-01,RUS-T,prose,coord_any,s93,0,0,0,0
P021,RUS-T-01,RUS-T,prose,coord_clause,s93,0,,0,0
P021,RUS-T-01,RUS-T,prose,boundary,s94,1,1,0,0
P021,RUS-T-01,RUS-T,prose,coord_any,s94,0,0,0,0
P021,RUS-T-01,RUS-T,prose,coord_clause,s94,0,,0,0
P022,RUS-T-02,RUS-T,prose,boundary,s45,1,1,0,0
P022,RUS-T-02,RUS-T,prose,coord_any,s45,0,0,0,0
P022,RUS-T-02,RUS-T,prose,coord_clause,s45,0,,0,0
P022,RUS-T-02,RUS-T,prose,boundary,s46,1,1,0,0
P022,RUS-T-02,RUS-T,prose,coord_any,s46,0,0,0,0
P022,RUS-T-02,RUS-T,prose,coord_clause,s46,0,,0,0
P022,RUS-T-02,RUS-T,prose,boundary,s47,1,1,0,0
P022,RUS-T-02,RUS-T,prose,coord_any,s47,0,0,0,0
P022,RUS-T-02,RUS-T,prose,coord_clause,s47,0,,0,0
P022,RUS-T-02,RUS-T,prose,boundary,s48,1,1,0,0
P022,RUS-T-02,RUS-T,prose,coord_any,s48,0,1,0,0
P022,RUS-T-02,RUS-T,prose,coord_clause,s48,0,,0,0
P022,RUS-T-02,RUS-T,prose,boundary,s49,1,1,0,0
P022,RUS-T-02,RUS-T,prose,coord_any,s49,0,0,0,0
P022,RUS-T-02,RUS-T,prose,coord_clause,s49,0,,0,0
P023,RUS-T-03,RUS-T,prose,boundary,s37,1,1,0,0
P023,RUS-T-03,RUS-T,prose,coord_any,s37,0,0,0,0
P023,RUS-T-03,RUS-T,prose,coord_clause,s37,0,,0,0
P023,RUS-T-03,RUS-T,prose,boundary,s38,1,1,0,0
P023,RUS-T-03,RUS-T,prose,coord_any,s38,0,0,0,0
P023,RUS-T-03,RUS-T,prose,coord_clause,s38,0,,0,0
P023,RUS-T-03,RUS-T,prose,boundary,s39,1,1,0,0
P023,RUS-T-03,RUS-T,prose,coord_any,s39,0,0,0,0
P023,RUS-T-03,RUS-T,prose,coord_clause,s39,0,,0,0
P023,RUS-T-03,RUS-T,prose,boundary,s40,1,1,0,0
P023,RUS-T-03,RUS-T,prose,coord_any,s40,0,1,0,0
P023,RUS-T-03,RUS-T,prose,coord_clause,s40,0,,0,0
P023,RUS-T-03,RUS-T,prose,boundary,s41,1,1,0,0
P023,RUS-T-03,RUS-T,prose,coord_any,s41,0,0,0,0
P023,RUS-T-03,RUS-T,prose,coord_clause,s41,0,,0,0
P024,RUS-T-05,RUS-T,prose,boundary,s153,1,1,0,0
P024,RUS-T-05,RUS-T,prose,coord_any,s153,0,1,0,0
P024,RUS-T-05,RUS-T,prose,coord_clause,s153,0,,0,0
P024,RUS-T-05,RUS-T,prose,boundary,s154,1,1,0,0
P024,RUS-T-05,RUS-T,prose,coord_any,s154,0,1,0,0
P024,RUS-T-05,RUS-T,prose,coord_clause,s154,1,,0,0
P024,RUS-T-05,RUS-T,prose,boundary,s155,1,1,0,0
P024,RUS-T-05,RUS-T,prose,coord_any,s155,1,1,0,0
P024,RUS-T-05,RUS-T,prose,coord_clause,s155,0,,0,0
P024,RUS-T-05,RUS-T,prose,boundary,s156,1,1,0,0
P024,RUS-T-05,RUS-T,prose,coord_any,s156,0,0,0,0
P024,RUS-T-05,RUS-T,prose,coord_clause,s156,0,,0,0
P024,RUS-T-05,RUS-T,prose,boundary,s157,1,1,0,0
P024,RUS-T-05,RUS-T,prose,coord_any,s157,0,0,0,0
P024,RUS-T-05,RUS-T,prose,coord_clause,s157,0,,0,0
P025,RUS-T-06,RUS-T,prose,boundary,s14,1,1,0,0
P025,RUS-T-06,RUS-T,prose,coord_any,s14,0,1,0,0
P025,RUS-T-06,RUS-T,prose,coord_clause,s14,1,,0,0
P025,RUS-T-06,RUS-T,prose,boundary,s15,1,1,0,0
P025,RUS-T-06,RUS-T,prose,coord_any,s15,0,0,0,0
P025,RUS-T-06,RUS-T,prose,coord_clause,s15,0,,0,0
P025,RUS-T-06,RUS-T,prose,boundary,s16,1,1,0,0
P025,RUS-T-06,RUS-T,prose,coord_any,s16,0,0,0,0
P025,RUS-T-06,RUS-T,prose,coord_clause,s16,0,,0,0
P025,RUS-T-06,RUS-T,prose,boundary,s17,1,1,0,0
P025,RUS-T-06,RUS-T,prose,coord_any,s17,0,0,0,0
P025,RUS-T-06,RUS-T,prose,coord_clause,s17,0,,0,0
P025,RUS-T-06,RUS-T,prose,boundary,s18,1,1,0,0
P025,RUS-T-06,RUS-T,prose,coord_any,s18,0,0,0,0
P025,RUS-T-06,RUS-T,prose,coord_clause,s18,0,,0,0
P026,RUS-T-08,RUS-T,prose,boundary,s67,1,1,0,0
P026,RUS-T-08,RUS-T,prose,coord_any,s67,0,0,0,0
P026,RUS-T-08,RUS-T,prose,coord_clause,s67,0,,0,0
P026,RUS-T-08,RUS-T,prose,boundary,s68,1,1,0,0
P026,RUS-T-08,RUS-T,prose,coord_any,s68,0,1,0,0
P026,RUS-T-08,RUS-T,prose,coord_clause,s68,0,,0,0
P026,RUS-T-08,RUS-T,prose,boundary,s69,1,1,0,0
P026,RUS-T-08,RUS-T,prose,coord_any,s69,0,0,0,0
P026,RUS-T-08,RUS-T,prose,coord_clause,s69,0,,0,0
P026,RUS-T-08,RUS-T,prose,boundary,s70,1,1,0,0
P026,RUS-T-08,RUS-T,prose,coord_any,s70,0,0,0,0
P026,RUS-T-08,RUS-T,prose,coord_clause,s70,0,,0,0
P026,RUS-T-08,RUS-T,prose,boundary,s71,1,1,0,0
P026,RUS-T-08,RUS-T,prose,coord_any,s71,0,1,0,0
P026,RUS-T-08,RUS-T,prose,coord_clause,s71,0,,0,0
P027,RUS-T-09,RUS-T,prose,boundary,s30,1,1,0,0
P027,RUS-T-09,RUS-T,prose,coord_any,s30,0,0,0,0
P027,RUS-T-09,RUS-T,prose,coord_clause,s30,0,,0,0
P027,RUS-T-09,RUS-T,prose,boundary,s31,1,1,0,0
P027,RUS-T-09,RUS-T,prose,coord_any,s31,0,0,0,0
P027,RUS-T-09,RUS-T,prose,coord_clause,s31,0,,0,0
P027,RUS-T-09,RUS-T,prose,boundary,s32,1,1,0,0
P027,RUS-T-09,RUS-T,prose,coord_any,s32,0,0,0,0
P027,RUS-T-09,RUS-T,prose,coord_clause,s32,0,,0,0
P027,RUS-T-09,RUS-T,prose,boundary,s33,1,1,0,0
P027,RUS-T-09,RUS-T,prose,coord_any,s33,1,0,0,0
P027,RUS-T-09,RUS-T,prose,coord_clause,s33,0,,0,0
P027,RUS-T-09,RUS-T,prose,boundary,s34,1,1,0,0
P027,RUS-T-09,RUS-T,prose,coord_any,s34,1,1,0,0
P027,RUS-T-09,RUS-T,prose,coord_clause,s34,0,,0,0
P028,RUS-T-11,RUS-T,prose,boundary,s70,1,1,0,0
P028,RUS-T-11,RUS-T,prose,coord_any,s70,0,0,0,0
P028,RUS-T-11,RUS-T,prose,coord_clause,s70,0,,0,0
P028,RUS-T-11,RUS-T,prose,boundary,s71,1,1,0,0
P028,RUS-T-11,RUS-T,prose,coord_any,s71,0,0,0,0
P028,RUS-T-11,RUS-T,prose,coord_clause,s71,0,,0,0
P028,RUS-T-11,RUS-T,prose,boundary,s72,1,1,0,0
P028,RUS-T-11,RUS-T,prose,coord_any,s72,0,0,0,0
P028,RUS-T-11,RUS-T,prose,coord_clause,s72,0,,0,0
P028,RUS-T-11,RUS-T,prose,boundary,s73,1,1,0,0
P028,RUS-T-11,RUS-T,prose,coord_any,s73,0,0,0,0
P028,RUS-T-11,RUS-T,prose,coord_clause,s73,0,,0,0
P028,RUS-T-11,RUS-T,prose,boundary,s74,1,1,0,0
P028,RUS-T-11,RUS-T,prose,coord_any,s74,0,0,0,0
P028,RUS-T-11,RUS-T,prose,coord_clause,s74,0,,0,0
P029,RUS-T-12,RUS-T,prose,boundary,s17,1,1,0,0
P029,RUS-T-12,RUS-T,prose,coord_any,s17,1,1,0,0
P029,RUS-T-12,RUS-T,prose,coord_clause,s17,0,,0,0
P029,RUS-T-12,RUS-T,prose,boundary,s18,1,1,0,0
P029,RUS-T-12,RUS-T,prose,coord_any,s18,1,1,0,0
P029,RUS-T-12,RUS-T,prose,coord_clause,s18,0,,0,0
P029,RUS-T-12,RUS-T,prose,boundary,s19,1,1,0,0
P029,RUS-T-12,RUS-T,prose,coord_any,s19,0,0,0,0
P029,RUS-T-12,RUS-T,prose,coord_clause,s19,0,,0,0
P029,RUS-T-12,RUS-T,prose,boundary,s20,1,1,0,0
P029,RUS-T-12,RUS-T,prose,coord_any,s20,0,0,0,0
P029,RUS-T-12,RUS-T,prose,coord_clause,s20,0,,0,0
P029,RUS-T-12,RUS-T,prose,boundary,s21,1,1,0,0
P029,RUS-T-12,RUS-T,prose,coord_any,s21,0,0,0,0
P029,RUS-T-12,RUS-T,prose,coord_clause,s21,0,,0,0
P030,RUS-T-13,RUS-T,prose,boundary,s57,1,1,0,0
P030,RUS-T-13,RUS-T,prose,coord_any,s57,1,1,0,0
P030,RUS-T-13,RUS-T,prose,coord_clause,s57,0,,0,0
P030,RUS-T-13,RUS-T,prose,boundary,s58,1,1,0,0
P030,RUS-T-13,RUS-T,prose,coord_any,s58,0,0,0,0
P030,RUS-T-13,RUS-T,prose,coord_clause,s58,0,,0,0
P030,RUS-T-13,RUS-T,prose,boundary,s59,1,1,0,0
P030,RUS-T-13,RUS-T,prose,coord_any,s59,0,1,0,0
P030,RUS-T-13,RUS-T,prose,coord_clause,s59,0,,0,0
P030,RUS-T-13,RUS-T,prose,boundary,s60,1,1,0,0
P030,RUS-T-13,RUS-T,prose,coord_any,s60,0,0,0,0
P030,RUS-T-13,RUS-T,prose,coord_clause,s60,0,,0,0
P030,RUS-T-13,RUS-T,prose,boundary,s61,1,1,0,0
P030,RUS-T-13,RUS-T,prose,coord_any,s61,0,0,0,0
P030,RUS-T-13,RUS-T,prose,coord_clause,s61,0,,0,0
P031,RUS-T-14,RUS-T,prose,boundary,s74,1,1,0,0
P031,RUS-T-14,RUS-T,prose,coord_any,s74,0,0,0,0
P031,RUS-T-14,RUS-T,prose,coord_clause,s74,0,,0,0
P031,RUS-T-14,RUS-T,prose,boundary,s75,1,1,0,0
P031,RUS-T-14,RUS-T,prose,coord_any,s75,0,0,0,0
P031,RUS-T-14,RUS-T,prose,coord_clause,s75,0,,0,0
P031,RUS-T-14,RUS-T,prose,boundary,s76,1,1,0,0
P031,RUS-T-14,RUS-T,prose,coord_any,s76,0,0,0,0
P031,RUS-T-14,RUS-T,prose,coord_clause,s76,0,,0,0
P031,RUS-T-14,RUS-T,prose,boundary,s77,1,1,0,0
P031,RUS-T-14,RUS-T,prose,coord_any,s77,0,0,0,0
P031,RUS-T-14,RUS-T,prose,coord_clause,s77,0,,0,0
P031,RUS-T-14,RUS-T,prose,boundary,s78,1,1,0,0
P031,RUS-T-14,RUS-T,prose,coord_any,s78,0,0,0,0
P031,RUS-T-14,RUS-T,prose,coord_clause,s78,0,,0,0
P032,RUS-T-15,RUS-T,prose,boundary,s72,1,1,0,0
P032,RUS-T-15,RUS-T,prose,coord_any,s72,0,1,0,0
P032,RUS-T-15,RUS-T,prose,coord_clause,s72,0,,0,0
P032,RUS-T-15,RUS-T,prose,boundary,s73,1,1,0,0
P032,RUS-T-15,RUS-T,prose,coord_any,s73,0,0,0,0
P032,RUS-T-15,RUS-T,prose,coord_clause,s73,0,,0,0
P032,RUS-T-15,RUS-T,prose,boundary,s74,1,1,0,0
P032,RUS-T-15,RUS-T,prose,coord_any,s74,0,0,0,0
P032,RUS-T-15,RUS-T,prose,coord_clause,s74,0,,0,0
P032,RUS-T-15,RUS-T,prose,boundary,s75,1,1,0,0
P032,RUS-T-15,RUS-T,prose,coord_any,s75,0,1,0,0
P032,RUS-T-15,RUS-T,prose,coord_clause,s75,0,,0,0
P032,RUS-T-15,RUS-T,prose,boundary,s76,1,1,0,0
P032,RUS-T-15,RUS-T,prose,coord_any,s76,1,1,0,0
P032,RUS-T-15,RUS-T,prose,coord_clause,s76,0,,0,0
P033,RUS-T-16,RUS-T,prose,boundary,s73,1,1,0,0
P033,RUS-T-16,RUS-T,prose,coord_any,s73,0,0,0,0
P033,RUS-T-16,RUS-T,prose,coord_clause,s73,0,,0,0
P033,RUS-T-16,RUS-T,prose,boundary,s74,1,1,0,0
P033,RUS-T-16,RUS-T,prose,coord_any,s74,0,0,0,0
P033,RUS-T-16,RUS-T,prose,coord_clause,s74,0,,0,0
P033,RUS-T-16,RUS-T,prose,boundary,s75,1,1,0,0
P033,RUS-T-16,RUS-T,prose,coord_any,s75,0,0,0,0
P033,RUS-T-16,RUS-T,prose,coord_clause,s75,0,,0,0
P033,RUS-T-16,RUS-T,prose,boundary,s76,1,1,0,0
P033,RUS-T-16,RUS-T,prose,coord_any,s76,1,1,0,0
P033,RUS-T-16,RUS-T,prose,coord_clause,s76,0,,0,0
P033,RUS-T-16,RUS-T,prose,boundary,s77,1,1,0,0
P033,RUS-T-16,RUS-T,prose,coord_any,s77,0,0,0,0
P033,RUS-T-16,RUS-T,prose,coord_clause,s77,0,,0,0
P034,RUS-T-17,RUS-T,prose,boundary,s5,1,1,0,0
P034,RUS-T-17,RUS-T,prose,coord_any,s5,0,0,0,0
P034,RUS-T-17,RUS-T,prose,coord_clause,s5,0,,0,0
P034,RUS-T-17,RUS-T,prose,boundary,s6,1,1,0,0
P034,RUS-T-17,RUS-T,prose,coord_any,s6,0,0,0,0
P034,RUS-T-17,RUS-T,prose,coord_clause,s6,0,,0,0
P034,RUS-T-17,RUS-T,prose,boundary,s7,1,1,0,0
P034,RUS-T-17,RUS-T,prose,coord_any,s7,0,0,0,0
P034,RUS-T-17,RUS-T,prose,coord_clause,s7,0,,0,0
P034,RUS-T-17,RUS-T,prose,boundary,s8,1,1,0,0
P034,RUS-T-17,RUS-T,prose,coord_any,s8,0,0,0,0
P034,RUS-T-17,RUS-T,prose,coord_clause,s8,0,,0,0
P034,RUS-T-17,RUS-T,prose,boundary,s9,1,1,0,0
P034,RUS-T-17,RUS-T,prose,coord_any,s9,0,0,0,0
P034,RUS-T-17,RUS-T,prose,coord_clause,s9,0,,0,0
P035,RUS-T-19,RUS-T,prose,boundary,s55,1,1,0,0
P035,RUS-T-19,RUS-T,prose,coord_any,s55,0,0,0,0
P035,RUS-T-19,RUS-T,prose,coord_clause,s55,0,,0,0
P035,RUS-T-19,RUS-T,prose,boundary,s56,1,1,0,0
P035,RUS-T-19,RUS-T,prose,coord_any,s56,0,0,0,0
P035,RUS-T-19,RUS-T,prose,coord_clause,s56,0,,0,0
P035,RUS-T-19,RUS-T,prose,boundary,s57,1,1,0,0
P035,RUS-T-19,RUS-T,prose,coord_any,s57,0,0,0,0
P035,RUS-T-19,RUS-T,prose,coord_clause,s57,0,,0,0
P035,RUS-T-19,RUS-T,prose,boundary,s58,1,1,0,0
P035,RUS-T-19,RUS-T,prose,coord_any,s58,0,1,0,0
P035,RUS-T-19,RUS-T,prose,coord_clause,s58,1,,0,0
P035,RUS-T-19,RUS-T,prose,boundary,s59,1,1,0,0
P035,RUS-T-19,RUS-T,prose,coord_any,s59,1,1,0,0
P035,RUS-T-19,RUS-T,prose,coord_clause,s59,0,,0,0
P036,RUS-T-20,RUS-T,prose,boundary,s17,1,1,0,0
P036,RUS-T-20,RUS-T,prose,coord_any,s17,0,0,0,0
P036,RUS-T-20,RUS-T,prose,coord_clause,s17,0,,0,0
P036,RUS-T-20,RUS-T,prose,boundary,s18,1,1,0,0
P036,RUS-T-20,RUS-T,prose,coord_any,s18,0,1,0,0
P036,RUS-T-20,RUS-T,prose,coord_clause,s18,0,,0,0
P036,RUS-T-20,RUS-T,prose,boundary,s19,1,1,0,0
P036,RUS-T-20,RUS-T,prose,coord_any,s19,1,1,0,0
P036,RUS-T-20,RUS-T,prose,coord_clause,s19,0,,0,0
P036,RUS-T-20,RUS-T,prose,boundary,s20,1,1,0,0
P036,RUS-T-20,RUS-T,prose,coord_any,s20,0,0,0,0
P036,RUS-T-20,RUS-T,prose,coord_clause,s20,0,,0,0
P036,RUS-T-20,RUS-T,prose,boundary,s21,1,1,0,0
P036,RUS-T-20,RUS-T,prose,coord_any,s21,0,0,0,0
P036,RUS-T-20,RUS-T,prose,coord_clause,s21,0,,0,0
P037,RUS-T-04,RUS-T,verse,boundary,s6,1,1,0,0
P037,RUS-T-04,RUS-T,verse,coord_any,s6,1,1,0,0
P037,RUS-T-04,RUS-T,verse,coord_clause,s6,0,,0,0
P037,RUS-T-04,RUS-T,verse,boundary,s7,1,1,0,0
P037,RUS-T-04,RUS-T,verse,coord_any,s7,0,1,0,0
P037,RUS-T-04,RUS-T,verse,coord_clause,s7,0,,0,0
P037,RUS-T-04,RUS-T,verse,boundary,s8,1,1,0,0
P037,RUS-T-04,RUS-T,verse,coord_any,s8,1,1,0,0
P037,RUS-T-04,RUS-T,verse,coord_clause,s8,0,,0,0
P037,RUS-T-04,RUS-T,verse,boundary,s9,1,1,0,0
P037,RUS-T-04,RUS-T,verse,coord_any,s9,0,0,0,0
P037,RUS-T-04,RUS-T,verse,coord_clause,s9,0,,0,0
P037,RUS-T-04,RUS-T,verse,boundary,s10,1,1,0,0
P037,RUS-T-04,RUS-T,verse,coord_any,s10,1,1,0,0
P037,RUS-T-04,RUS-T,verse,coord_clause,s10,0,,0,0
P038,RUS-T-07,RUS-T,verse,boundary,s13,1,1,0,0
P038,RUS-T-07,RUS-T,verse,coord_any,s13,0,0,0,0
P038,RUS-T-07,RUS-T,verse,coord_clause,s13,0,,0,0
P038,RUS-T-07,RUS-T,verse,boundary,s14,1,1,0,0
P038,RUS-T-07,RUS-T,verse,coord_any,s14,0,0,0,0
P038,RUS-T-07,RUS-T,verse,coord_clause,s14,0,,0,0
P038,RUS-T-07,RUS-T,verse,boundary,s15,1,1,0,0
P038,RUS-T-07,RUS-T,verse,coord_any,s15,0,0,0,0
P038,RUS-T-07,RUS-T,verse,coord_clause,s15,0,,0,0
P038,RUS-T-07,RUS-T,verse,boundary,s16,1,1,0,0
P038,RUS-T-07,RUS-T,verse,coord_any,s16,0,0,0,0
P038,RUS-T-07,RUS-T,verse,coord_clause,s16,0,,0,0
P038,RUS-T-07,RUS-T,verse,boundary,s17,1,1,0,0
P038,RUS-T-07,RUS-T,verse,coord_any,s17,0,0,0,0
P038,RUS-T-07,RUS-T,verse,coord_clause,s17,0,,0,0
P039,RUS-T-10,RUS-T,verse,boundary,s16,1,1,0,0
P039,RUS-T-10,RUS-T,verse,coord_any,s16,1,1,0,0
P039,RUS-T-10,RUS-T,verse,coord_clause,s16,0,,0,0
P039,RUS-T-10,RUS-T,verse,boundary,s17,1,1,0,0
P039,RUS-T-10,RUS-T,verse,coord_any,s17,0,1,0,0
P039,RUS-T-10,RUS-T,verse,coord_clause,s17,0,,0,0
P039,RUS-T-10,RUS-T,verse,boundary,s18,1,1,0,0
P039,RUS-T-10,RUS-T,verse,coord_any,s18,1,1,0,0
P039,RUS-T-10,RUS-T,verse,coord_clause,s18,0,,0,0
P039,RUS-T-10,RUS-T,verse,boundary,s19,1,1,0,0
P039,RUS-T-10,RUS-T,verse,coord_any,s19,0,0,0,0
P039,RUS-T-10,RUS-T,verse,coord_clause,s19,0,,0,0
P039,RUS-T-10,RUS-T,verse,boundary,s20,1,1,0,0
P039,RUS-T-10,RUS-T,verse,coord_any,s20,0,0,0,0
P039,RUS-T-10,RUS-T,verse,coord_clause,s20,0,,0,0
P040,RUS-T-18,RUS-T,verse,boundary,s23,1,1,0,0
P040,RUS-T-18,RUS-T,verse,coord_any,s23,1,1,0,0
P040,RUS-T-18,RUS-T,verse,coord_clause,s23,0,,0,0
P040,RUS-T-18,RUS-T,verse,boundary,s24,1,1,0,0
P040,RUS-T-18,RUS-T,verse,coord_any,s24,0,0,0,0
P040,RUS-T-18,RUS-T,verse,coord_clause,s24,0,,0,0
P040,RUS-T-18,RUS-T,verse,boundary,s25,1,1,0,0
P040,RUS-T-18,RUS-T,verse,coord_any,s25,0,0,0,0
P040,RUS-T-18,RUS-T,verse,coord_clause,s25,0,,0,0
P040,RUS-T-18,RUS-T,verse,boundary,s26,1,1,0,0
P040,RUS-T-18,RUS-T,verse,coord_any,s26,0,0,0,0
P040,RUS-T-18,RUS-T,verse,coord_clause,s26,0,,0,0
P040,RUS-T-18,RUS-T,verse,boundary,s27,1,1,0,0
P040,RUS-T-18,RUS-T,verse,coord_any,s27,0,0,0,0
P040,RUS-T-18,RUS-T,verse,coord_clause,s27,0,,0,0
P001,RUS-O-01,RUS-O,,token,s7t0,1,1,0,0
P001,RUS-O-01,RUS-O,,token,s7t1,1,1,0,0
P001,RUS-O-01,RUS-O,,token,s7t2,1,1,0,0
P001,RUS-O-01,RUS-O,,token,s7t3,1,1,0,0
P001,RUS-O-01,RUS-O,,token,s7t4,1,1,0,0
P001,RUS-O-01,RUS-O,,token,s7t5,1,1,0,0
P001,RUS-O-01,RUS-O,,token,s7t6,1,1,0,0
P001,RUS-O-01,RUS-O,,token,s7t7,1,1,0,0
P001,RUS-O-01,RUS-O,,token,s7t8,1,1,0,0
P001,RUS-O-01,RUS-O,,token,s7t9,1,1,0,0
P001,RUS-O-01,RUS-O,,token,s7t10,1,1,0,0
P001,RUS-O-01,RUS-O,,token,s7t11,1,1,0,0
P001,RUS-O-01,RUS-O,,token,s7t12,1,1,0,0
P001,RUS-O-01,RUS-O,,token,s7t13,1,1,0,0
P001,RUS-O-01,RUS-O,,token,s7t14,1,1,0,0
P001,RUS-O-01,RUS-O,,token,s7t15,1,1,0,0
P001,RUS-O-01,RUS-O,,token,s8t0,1,1,0,0
P001,RUS-O-01,RUS-O,,token,s8t1,1,1,0,0
P001,RUS-O-01,RUS-O,,token,s8t2,1,1,0,0
P001,RUS-O-01,RUS-O,,token,s8t3,1,1,0,0
P001,RUS-O-01,RUS-O,,token,s8t4,1,1,0,0
P001,RUS-O-01,RUS-O,,token,s8t5,1,1,0,0
P001,RUS-O-01,RUS-O,,token,s8t6,1,1,0,0
P001,RUS-O-01,RUS-O,,token,s8t7,1,1,0,0
P001,RUS-O-01,RUS-O,,token,s8t8,1,1,0,0
P001,RUS-O-01,RUS-O,,token,s8t9,1,1,0,0
P001,RUS-O-01,RUS-O,,token,s8t10,1,1,0,0
P001,RUS-O-01,RUS-O,,token,s8t11,1,1,0,0
P001,RUS-O-01,RUS-O,,token,s8t12,1,1,0,0
P001,RUS-O-01,RUS-O,,token,s8t13,1,1,0,0
P001,RUS-O-01,RUS-O,,token,s8t14,1,1,0,0
P001,RUS-O-01,RUS-O,,token,s8t15,1,1,0,0
P001,RUS-O-01,RUS-O,,token,s9t0,1,1,0,0
P001,RUS-O-01,RUS-O,,token,s9t1,1,1,0,0
P001,RUS-O-01,RUS-O,,token,s9t2,1,1,0,0
P001,RUS-O-01,RUS-O,,token,s9t3,1,1,0,0
P001,RUS-O-01,RUS-O,,token,s9t4,1,1,0,0
P001,RUS-O-01,RUS-O,,token,s9t5,1,1,0,0
P001,RUS-O-01,RUS-O,,token,s9t6,1,1,0,0
P001,RUS-O-01,RUS-O,,token,s9t7,1,1,0,0
P001,RUS-O-01,RUS-O,,token,s9t8,1,1,0,0
P001,RUS-O-01,RUS-O,,token,s9t9,1,1,0,0
P001,RUS-O-01,RUS-O,,token,s9t10,1,1,0,0
P001,RUS-O-01,RUS-O,,token,s10t0,1,1,0,0
P001,RUS-O-01,RUS-O,,token,s10t1,1,1,0,0
P001,RUS-O-01,RUS-O,,token,s10t2,1,1,0,0
P001,RUS-O-01,RUS-O,,token,s10t3,1,1,0,0
P001,RUS-O-01,RUS-O,,token,s10t4,1,1,0,0
P001,RUS-O-01,RUS-O,,token,s10t5,1,1,0,0
P001,RUS-O-01,RUS-O,,token,s10t6,1,1,0,0
P001,RUS-O-01,RUS-O,,token,s10t7,1,1,0,0
P001,RUS-O-01,RUS-O,,token,s10t8,1,1,0,0
P001,RUS-O-01,RUS-O,,token,s10t9,1,1,0,0
P001,RUS-O-01,RUS-O,,token,s10t10,1,1,0,0
P001,RUS-O-01,RUS-O,,token,s11t0,1,1,0,0
P001,RUS-O-01,RUS-O,,token,s11t1,1,1,0,0
P001,RUS-O-01,RUS-O,,token,s11t2,1,1,0,0
P001,RUS-O-01,RUS-O,,token,s11t3,1,1,0,0
P001,RUS-O-01,RUS-O,,token,s11t4,1,1,0,0
P001,RUS-O-01,RUS-O,,token,s11t5,1,1,0,0
P001,RUS-O-01,RUS-O,,token,s11t6,1,1,0,0
P001,RUS-O-01,RUS-O,,token,s11t7,1,1,0,0
P001,RUS-O-01,RUS-O,,token,s11t8,1,1,0,0
P001,RUS-O-01,RUS-O,,token,s11t9,1,1,0,0
P001,RUS-O-01,RUS-O,,token,s11t10,1,1,0,0
P001,RUS-O-01,RUS-O,,token,s11t11,1,1,0,0
P001,RUS-O-01,RUS-O,,token,s11t12,1,1,0,0
P001,RUS-O-01,RUS-O,,token,s11t13,1,1,0,0
P001,RUS-O-01,RUS-O,,token,s11t14,1,1,0,0
P001,RUS-O-01,RUS-O,,token,s11t15,1,1,0,0
P001,RUS-O-01,RUS-O,,token,s11t16,1,1,0,0
P001,RUS-O-01,RUS-O,,token,s11t17,1,1,0,0
P001,RUS-O-01,RUS-O,,token,s11t18,1,1,0,0
P001,RUS-O-01,RUS-O,,token,s11t19,1,1,0,0
P001,RUS-O-01,RUS-O,,token,s11t20,1,1,0,0
P001,RUS-O-01,RUS-O,,token,s11t21,1,1,0,0
P001,RUS-O-01,RUS-O,,token,s11t22,1,1,0,0
P001,RUS-O-01,RUS-O,,token,s11t23,1,1,0,0
P002,RUS-O-02,RUS-O,,token,s24t0,1,1,0,0
P002,RUS-O-02,RUS-O,,token,s24t1,1,1,0,0
P002,RUS-O-02,RUS-O,,token,s24t2,1,1,0,0
P002,RUS-O-02,RUS-O,,token,s24t3,1,1,0,0
P002,RUS-O-02,RUS-O,,token,s24t4,1,1,0,0
P002,RUS-O-02,RUS-O,,token,s24t5,1,1,0,0
P002,RUS-O-02,RUS-O,,token,s24t6,1,1,0,0
P002,RUS-O-02,RUS-O,,token,s24t7,1,1,0,0
P002,RUS-O-02,RUS-O,,token,s24t8,1,1,0,0
P002,RUS-O-02,RUS-O,,token,s24t9,1,1,0,0
P002,RUS-O-02,RUS-O,,token,s24t10,1,1,0,0
P002,RUS-O-02,RUS-O,,token,s24t11,1,1,0,0
P002,RUS-O-02,RUS-O,,token,s25t0,1,1,0,0
P002,RUS-O-02,RUS-O,,token,s25t1,1,1,0,0
P002,RUS-O-02,RUS-O,,token,s25t2,1,1,0,0
P002,RUS-O-02,RUS-O,,token,s25t3,1,1,0,0
P002,RUS-O-02,RUS-O,,token,s25t4,1,1,0,0
P002,RUS-O-02,RUS-O,,token,s25t5,1,1,0,0
P002,RUS-O-02,RUS-O,,token,s25t6,1,1,0,0
P002,RUS-O-02,RUS-O,,token,s25t7,1,1,0,0
P002,RUS-O-02,RUS-O,,token,s26t0,1,1,0,0
P002,RUS-O-02,RUS-O,,token,s26t1,1,1,0,0
P002,RUS-O-02,RUS-O,,token,s26t2,1,1,0,0
P002,RUS-O-02,RUS-O,,token,s26t3,1,1,0,0
P002,RUS-O-02,RUS-O,,token,s26t4,1,1,0,0
P002,RUS-O-02,RUS-O,,token,s26t5,1,1,0,0
P002,RUS-O-02,RUS-O,,token,s26t6,1,1,0,0
P002,RUS-O-02,RUS-O,,token,s26t7,1,1,0,0
P002,RUS-O-02,RUS-O,,token,s26t8,1,1,0,0
P002,RUS-O-02,RUS-O,,token,s26t9,1,1,0,0
P002,RUS-O-02,RUS-O,,token,s26t10,1,1,0,0
P002,RUS-O-02,RUS-O,,token,s26t11,1,1,0,0
P002,RUS-O-02,RUS-O,,token,s26t12,1,1,0,0
P002,RUS-O-02,RUS-O,,token,s26t13,1,1,0,0
P002,RUS-O-02,RUS-O,,token,s26t14,1,1,0,0
P002,RUS-O-02,RUS-O,,token,s26t15,1,1,0,0
P002,RUS-O-02,RUS-O,,token,s26t16,1,1,0,0
P002,RUS-O-02,RUS-O,,token,s26t17,1,1,0,0
P002,RUS-O-02,RUS-O,,token,s26t18,1,1,0,0
P002,RUS-O-02,RUS-O,,token,s27t0,1,1,0,0
P002,RUS-O-02,RUS-O,,token,s27t1,1,1,0,0
P002,RUS-O-02,RUS-O,,token,s27t2,1,1,0,0
P002,RUS-O-02,RUS-O,,token,s27t3,1,1,0,0
P002,RUS-O-02,RUS-O,,token,s27t4,1,1,0,0
P002,RUS-O-02,RUS-O,,token,s27t5,1,1,0,0
P002,RUS-O-02,RUS-O,,token,s28t0,1,1,0,0
P002,RUS-O-02,RUS-O,,token,s28t1,1,1,0,0
P002,RUS-O-02,RUS-O,,token,s28t2,1,1,0,0
P002,RUS-O-02,RUS-O,,token,s28t3,1,1,0,0
P002,RUS-O-02,RUS-O,,token,s28t4,1,1,0,0
P002,RUS-O-02,RUS-O,,token,s28t5,1,1,0,0
P002,RUS-O-02,RUS-O,,token,s28t6,1,1,0,0
P002,RUS-O-02,RUS-O,,token,s28t7,1,1,0,0
P002,RUS-O-02,RUS-O,,token,s28t8,1,1,0,0
P002,RUS-O-02,RUS-O,,token,s28t9,1,1,0,0
P002,RUS-O-02,RUS-O,,token,s28t10,1,1,0,0
P002,RUS-O-02,RUS-O,,token,s28t11,1,1,0,0
P003,RUS-O-03,RUS-O,,token,s373t0,1,1,0,0
P003,RUS-O-03,RUS-O,,token,s373t1,1,1,0,0
P003,RUS-O-03,RUS-O,,token,s373t2,1,1,0,0
P003,RUS-O-03,RUS-O,,token,s373t3,1,1,0,0
P003,RUS-O-03,RUS-O,,token,s373t4,1,1,0,0
P003,RUS-O-03,RUS-O,,token,s373t5,1,1,0,0
P003,RUS-O-03,RUS-O,,token,s373t6,1,1,0,0
P003,RUS-O-03,RUS-O,,token,s373t7,1,1,0,0
P003,RUS-O-03,RUS-O,,token,s374t0,1,1,0,0
P003,RUS-O-03,RUS-O,,token,s374t1,1,1,0,0
P003,RUS-O-03,RUS-O,,token,s374t2,1,1,0,0
P003,RUS-O-03,RUS-O,,token,s374t3,1,1,0,0
P003,RUS-O-03,RUS-O,,token,s374t4,1,1,0,0
P003,RUS-O-03,RUS-O,,token,s374t5,1,1,0,0
P003,RUS-O-03,RUS-O,,token,s375t0,1,1,0,0
P003,RUS-O-03,RUS-O,,token,s375t1,1,1,0,0
P003,RUS-O-03,RUS-O,,token,s375t2,1,1,0,0
P003,RUS-O-03,RUS-O,,token,s376t0,1,1,0,0
P003,RUS-O-03,RUS-O,,token,s376t1,1,1,0,0
P003,RUS-O-03,RUS-O,,token,s376t2,1,1,0,0
P003,RUS-O-03,RUS-O,,token,s376t3,1,1,0,0
P003,RUS-O-03,RUS-O,,token,s376t4,1,1,0,0
P003,RUS-O-03,RUS-O,,token,s376t5,1,1,0,0
P003,RUS-O-03,RUS-O,,token,s376t6,1,1,0,0
P003,RUS-O-03,RUS-O,,token,s376t7,1,1,0,0
P003,RUS-O-03,RUS-O,,token,s376t8,1,1,0,0
P003,RUS-O-03,RUS-O,,token,s376t9,1,1,0,0
P003,RUS-O-03,RUS-O,,token,s376t10,1,1,0,0
P003,RUS-O-03,RUS-O,,token,s376t11,1,1,0,0
P003,RUS-O-03,RUS-O,,token,s376t12,1,1,0,0
P003,RUS-O-03,RUS-O,,token,s377t0,1,1,0,0
P003,RUS-O-03,RUS-O,,token,s377t1,1,1,0,0
P003,RUS-O-03,RUS-O,,token,s377t2,1,1,0,0
P003,RUS-O-03,RUS-O,,token,s377t3,1,1,0,0
P003,RUS-O-03,RUS-O,,token,s377t4,1,1,0,0
P003,RUS-O-03,RUS-O,,token,s377t5,1,1,0,0
P003,RUS-O-03,RUS-O,,token,s377t6,1,1,0,0
P003,RUS-O-03,RUS-O,,token,s377t7,1,1,0,0
P003,RUS-O-03,RUS-O,,token,s377t8,1,1,0,0
P003,RUS-O-03,RUS-O,,token,s377t9,1,1,0,0
P004,RUS-O-04,RUS-O,,token,s31t0,1,1,0,0
P004,RUS-O-04,RUS-O,,token,s31t1,1,1,0,0
P004,RUS-O-04,RUS-O,,token,s31t2,1,1,0,0
P004,RUS-O-04,RUS-O,,token,s31t3,1,1,0,0
P004,RUS-O-04,RUS-O,,token,s31t4,1,1,0,0
P004,RUS-O-04,RUS-O,,token,s31t5,1,1,0,0
P004,RUS-O-04,RUS-O,,token,s31t6,1,1,0,0
P004,RUS-O-04,RUS-O,,token,s31t7,1,1,0,0
P004,RUS-O-04,RUS-O,,token,s31t8,1,1,0,0
P004,RUS-O-04,RUS-O,,token,s31t9,1,1,0,0
P004,RUS-O-04,RUS-O,,token,s31t10,1,1,0,0
P004,RUS-O-04,RUS-O,,token,s31t11,1,1,0,0
P004,RUS-O-04,RUS-O,,token,s31t12,1,1,0,0
P004,RUS-O-04,RUS-O,,token,s31t13,1,1,0,0
P004,RUS-O-04,RUS-O,,token,s31t14,1,1,0,0
P004,RUS-O-04,RUS-O,,token,s31t15,1,1,0,0
P004,RUS-O-04,RUS-O,,token,s31t16,1,1,0,0
P004,RUS-O-04,RUS-O,,token,s32t0,1,1,0,0
P004,RUS-O-04,RUS-O,,token,s32t1,1,1,0,0
P004,RUS-O-04,RUS-O,,token,s32t2,1,1,0,0
P004,RUS-O-04,RUS-O,,token,s32t3,1,1,0,0
P004,RUS-O-04,RUS-O,,token,s32t4,1,1,0,0
P004,RUS-O-04,RUS-O,,token,s32t5,1,1,0,0
P004,RUS-O-04,RUS-O,,token,s33t0,1,1,0,0
P004,RUS-O-04,RUS-O,,token,s33t1,1,1,0,0
P004,RUS-O-04,RUS-O,,token,s33t2,1,1,0,0
P004,RUS-O-04,RUS-O,,token,s33t3,1,1,0,0
P004,RUS-O-04,RUS-O,,token,s33t4,1,1,0,0
P004,RUS-O-04,RUS-O,,token,s33t5,1,1,0,0
P004,RUS-O-04,RUS-O,,token,s33t6,1,1,0,0
P004,RUS-O-04,RUS-O,,token,s33t7,1,1,0,0
P004,RUS-O-04,RUS-O,,token,s33t8,1,1,0,0
P004,RUS-O-04,RUS-O,,token,s33t9,1,1,0,0
P004,RUS-O-04,RUS-O,,token,s33t10,1,1,0,0
P004,RUS-O-04,RUS-O,,token,s33t11,1,1,0,0
P004,RUS-O-04,RUS-O,,token,s33t12,1,1,0,0
P004,RUS-O-04,RUS-O,,token,s33t13,1,1,0,0
P004,RUS-O-04,RUS-O,,token,s33t14,1,1,0,0
P004,RUS-O-04,RUS-O,,token,s33t15,1,1,0,0
P004,RUS-O-04,RUS-O,,token,s33t16,1,1,0,0
P004,RUS-O-04,RUS-O,,token,s33t17,1,1,0,0
P004,RUS-O-04,RUS-O,,token,s34t0,1,1,0,0
P004,RUS-O-04,RUS-O,,token,s34t1,1,1,0,0
P004,RUS-O-04,RUS-O,,token,s34t2,1,1,0,0
P004,RUS-O-04,RUS-O,,token,s34t3,1,1,0,0
P004,RUS-O-04,RUS-O,,token,s34t4,1,1,0,0
P004,RUS-O-04,RUS-O,,token,s34t5,1,1,0,0
P004,RUS-O-04,RUS-O,,token,s34t6,1,1,0,0
P004,RUS-O-04,RUS-O,,token,s34t7,1,1,0,0
P004,RUS-O-04,RUS-O,,token,s34t8,1,1,0,0
P004,RUS-O-04,RUS-O,,token,s34t9,1,1,0,0
P004,RUS-O-04,RUS-O,,token,s34t10,1,1,0,0
P004,RUS-O-04,RUS-O,,token,s34t11,1,1,0,0
P004,RUS-O-04,RUS-O,,token,s34t12,1,1,0,0
P004,RUS-O-04,RUS-O,,token,s34t13,1,1,0,0
P004,RUS-O-04,RUS-O,,token,s34t14,1,1,0,0
P004,RUS-O-04,RUS-O,,token,s34t15,1,1,0,0
P004,RUS-O-04,RUS-O,,token,s35t0,1,1,0,0
P004,RUS-O-04,RUS-O,,token,s35t1,1,1,0,0
P004,RUS-O-04,RUS-O,,token,s35t2,1,1,0,0
P004,RUS-O-04,RUS-O,,token,s35t3,1,1,0,0
P004,RUS-O-04,RUS-O,,token,s35t4,1,1,0,0
P004,RUS-O-04,RUS-O,,token,s35t5,1,1,0,0
P004,RUS-O-04,RUS-O,,token,s35t6,1,1,0,0
P004,RUS-O-04,RUS-O,,token,s35t7,1,1,0,0
P004,RUS-O-04,RUS-O,,token,s35t8,1,1,0,0
P004,RUS-O-04,RUS-O,,token,s35t9,1,1,0,0
P004,RUS-O-04,RUS-O,,token,s35t10,1,1,0,0
P004,RUS-O-04,RUS-O,,token,s35t11,1,1,0,0
P004,RUS-O-04,RUS-O,,token,s35t12,1,1,0,0
P004,RUS-O-04,RUS-O,,token,s35t13,1,1,0,0
P004,RUS-O-04,RUS-O,,token,s35t14,1,1,0,0
P005,RUS-O-05,RUS-O,,token,s4t0,1,1,0,0
P005,RUS-O-05,RUS-O,,token,s4t1,1,1,0,0
P005,RUS-O-05,RUS-O,,token,s4t2,1,1,0,0
P005,RUS-O-05,RUS-O,,token,s4t3,1,1,0,0
P005,RUS-O-05,RUS-O,,token,s4t4,1,1,0,0
P005,RUS-O-05,RUS-O,,token,s4t5,1,1,0,0
P005,RUS-O-05,RUS-O,,token,s4t6,1,1,0,0
P005,RUS-O-05,RUS-O,,token,s4t7,1,1,0,0
P005,RUS-O-05,RUS-O,,token,s4t8,1,1,0,0
P005,RUS-O-05,RUS-O,,token,s4t9,1,1,0,0
P005,RUS-O-05,RUS-O,,token,s4t10,1,1,0,0
P005,RUS-O-05,RUS-O,,token,s4t11,1,1,0,0
P005,RUS-O-05,RUS-O,,token,s4t12,1,1,0,0
P005,RUS-O-05,RUS-O,,token,s4t13,1,1,0,0
P005,RUS-O-05,RUS-O,,token,s4t14,1,1,0,0
P005,RUS-O-05,RUS-O,,token,s4t15,1,1,0,0
P005,RUS-O-05,RUS-O,,token,s4t16,1,1,0,0
P005,RUS-O-05,RUS-O,,token,s5t0,1,1,0,0
P005,RUS-O-05,RUS-O,,token,s5t1,1,1,0,0
P005,RUS-O-05,RUS-O,,token,s5t2,1,1,0,0
P005,RUS-O-05,RUS-O,,token,s5t3,1,1,0,0
P005,RUS-O-05,RUS-O,,token,s5t4,1,1,0,0
P005,RUS-O-05,RUS-O,,token,s5t5,1,1,0,0
P005,RUS-O-05,RUS-O,,token,s5t6,1,1,0,0
P005,RUS-O-05,RUS-O,,token,s5t7,1,1,0,0
P005,RUS-O-05,RUS-O,,token,s5t8,1,1,0,0
P005,RUS-O-05,RUS-O,,token,s5t9,1,1,0,0
P005,RUS-O-05,RUS-O,,token,s5t10,1,1,0,0
P005,RUS-O-05,RUS-O,,token,s5t11,1,1,0,0
P005,RUS-O-05,RUS-O,,token,s5t12,1,1,0,0
P005,RUS-O-05,RUS-O,,token,s5t13,1,1,0,0
P005,RUS-O-05,RUS-O,,token,s5t14,1,1,0,0
P005,RUS-O-05,RUS-O,,token,s6t0,1,1,0,0
P005,RUS-O-05,RUS-O,,token,s6t1,1,1,0,0
P005,RUS-O-05,RUS-O,,token,s6t2,1,1,0,0
P005,RUS-O-05,RUS-O,,token,s6t3,1,1,0,0
P005,RUS-O-05,RUS-O,,token,s6t4,1,1,0,0
P005,RUS-O-05,RUS-O,,token,s6t5,1,1,0,0
P005,RUS-O-05,RUS-O,,token,s6t6,1,1,0,0
P005,RUS-O-05,RUS-O,,token,s6t7,1,1,0,0
P005,RUS-O-05,RUS-O,,token,s7t0,1,1,0,0
P005,RUS-O-05,RUS-O,,token,s7t1,1,1,0,0
P005,RUS-O-05,RUS-O,,token,s7t2,1,1,0,0
P005,RUS-O-05,RUS-O,,token,s7t3,1,1,0,0
P005,RUS-O-05,RUS-O,,token,s7t4,1,1,0,0
P005,RUS-O-05,RUS-O,,token,s7t5,1,1,0,0
P005,RUS-O-05,RUS-O,,token,s7t6,1,1,0,0
P005,RUS-O-05,RUS-O,,token,s7t7,1,1,0,0
P005,RUS-O-05,RUS-O,,token,s7t8,1,1,0,0
P005,RUS-O-05,RUS-O,,token,s7t9,1,1,0,0
P005,RUS-O-05,RUS-O,,token,s7t10,1,1,0,0
P005,RUS-O-05,RUS-O,,token,s7t11,1,1,0,0
P005,RUS-O-05,RUS-O,,token,s7t12,1,1,0,0
P005,RUS-O-05,RUS-O,,token,s7t13,1,1,0,0
P005,RUS-O-05,RUS-O,,token,s7t14,1,1,0,0
P005,RUS-O-05,RUS-O,,token,s8t0,1,1,0,0
P005,RUS-O-05,RUS-O,,token,s8t1,1,1,0,0
P005,RUS-O-05,RUS-O,,token,s8t2,1,1,0,0
P005,RUS-O-05,RUS-O,,token,s8t3,1,1,0,0
P005,RUS-O-05,RUS-O,,token,s8t4,1,1,0,0
P005,RUS-O-05,RUS-O,,token,s8t5,1,1,0,0
P005,RUS-O-05,RUS-O,,token,s8t6,1,1,0,0
P005,RUS-O-05,RUS-O,,token,s8t7,1,1,0,0
P005,RUS-O-05,RUS-O,,token,s8t8,1,1,0,0
P005,RUS-O-05,RUS-O,,token,s8t9,1,1,0,0
P005,RUS-O-05,RUS-O,,token,s8t10,1,1,0,0
P005,RUS-O-05,RUS-O,,token,s8t11,1,1,0,0
P005,RUS-O-05,RUS-O,,token,s8t12,1,1,0,0
P005,RUS-O-05,RUS-O,,token,s8t13,1,1,0,0
P006,RUS-O-06,RUS-O,,token,s323t0,1,1,0,0
P006,RUS-O-06,RUS-O,,token,s323t1,1,1,0,0
P006,RUS-O-06,RUS-O,,token,s323t2,1,1,0,0
P006,RUS-O-06,RUS-O,,token,s323t3,1,1,0,0
P006,RUS-O-06,RUS-O,,token,s323t4,1,1,0,0
P006,RUS-O-06,RUS-O,,token,s323t5,1,1,0,0
P006,RUS-O-06,RUS-O,,token,s323t6,1,1,0,0
P006,RUS-O-06,RUS-O,,token,s323t7,1,1,0,0
P006,RUS-O-06,RUS-O,,token,s323t8,1,1,0,0
P006,RUS-O-06,RUS-O,,token,s323t9,1,1,0,0
P006,RUS-O-06,RUS-O,,token,s323t10,1,1,0,0
P006,RUS-O-06,RUS-O,,token,s323t11,1,1,0,0
P006,RUS-O-06,RUS-O,,token,s323t12,1,1,0,0
P006,RUS-O-06,RUS-O,,token,s323t13,1,1,0,0
P006,RUS-O-06,RUS-O,,token,s324t0,1,1,0,0
P006,RUS-O-06,RUS-O,,token,s324t1,1,1,0,0
P006,RUS-O-06,RUS-O,,token,s324t2,1,1,0,0
P006,RUS-O-06,RUS-O,,token,s324t3,1,1,0,0
P006,RUS-O-06,RUS-O,,token,s324t4,1,1,0,0
P006,RUS-O-06,RUS-O,,token,s324t5,1,1,0,0
P006,RUS-O-06,RUS-O,,token,s324t6,1,1,0,0
P006,RUS-O-06,RUS-O,,token,s324t7,1,1,0,0
P006,RUS-O-06,RUS-O,,token,s324t8,1,1,0,0
P006,RUS-O-06,RUS-O,,token,s324t9,1,1,0,0
P006,RUS-O-06,RUS-O,,token,s324t10,1,1,0,0
P006,RUS-O-06,RUS-O,,token,s325t0,1,1,0,0
P006,RUS-O-06,RUS-O,,token,s325t1,1,1,0,0
P006,RUS-O-06,RUS-O,,token,s325t2,1,1,0,0
P006,RUS-O-06,RUS-O,,token,s325t3,1,1,0,0
P006,RUS-O-06,RUS-O,,token,s325t4,1,1,0,0
P006,RUS-O-06,RUS-O,,token,s325t5,1,1,0,0
P006,RUS-O-06,RUS-O,,token,s325t6,1,1,0,0
P006,RUS-O-06,RUS-O,,token,s325t7,1,1,0,0
P006,RUS-O-06,RUS-O,,token,s325t8,1,1,0,0
P006,RUS-O-06,RUS-O,,token,s325t9,1,1,0,0
P006,RUS-O-06,RUS-O,,token,s325t10,1,1,0,0
P006,RUS-O-06,RUS-O,,token,s326t0,1,1,0,0
P006,RUS-O-06,RUS-O,,token,s326t1,1,1,0,0
P006,RUS-O-06,RUS-O,,token,s326t2,1,1,0,0
P006,RUS-O-06,RUS-O,,token,s326t3,1,1,0,0
P006,RUS-O-06,RUS-O,,token,s326t4,1,1,0,0
P006,RUS-O-06,RUS-O,,token,s326t5,1,1,0,0
P006,RUS-O-06,RUS-O,,token,s326t6,1,1,0,0
P006,RUS-O-06,RUS-O,,token,s326t7,1,1,0,0
P006,RUS-O-06,RUS-O,,token,s326t8,1,1,0,0
P006,RUS-O-06,RUS-O,,token,s326t9,1,1,0,0
P006,RUS-O-06,RUS-O,,token,s326t10,1,1,0,0
P006,RUS-O-06,RUS-O,,token,s326t11,1,1,0,0
P006,RUS-O-06,RUS-O,,token,s327t0,1,1,0,0
P006,RUS-O-06,RUS-O,,token,s327t1,1,1,0,0
P006,RUS-O-06,RUS-O,,token,s327t2,1,1,0,0
P006,RUS-O-06,RUS-O,,token,s327t3,1,1,0,0
P006,RUS-O-06,RUS-O,,token,s327t4,1,1,0,0
P006,RUS-O-06,RUS-O,,token,s327t5,1,1,0,0
P006,RUS-O-06,RUS-O,,token,s327t6,1,1,0,0
P006,RUS-O-06,RUS-O,,token,s327t7,1,1,0,0
P006,RUS-O-06,RUS-O,,token,s327t8,1,1,0,0
P006,RUS-O-06,RUS-O,,token,s327t9,1,1,0,0
P006,RUS-O-06,RUS-O,,token,s327t10,1,1,0,0
P007,RUS-O-07,RUS-O,,token,s113t0,1,1,0,0
P007,RUS-O-07,RUS-O,,token,s113t1,1,1,0,0
P007,RUS-O-07,RUS-O,,token,s113t2,1,1,0,0
P007,RUS-O-07,RUS-O,,token,s114t0,1,1,0,0
P007,RUS-O-07,RUS-O,,token,s114t1,1,1,0,0
P007,RUS-O-07,RUS-O,,token,s114t2,1,1,0,0
P007,RUS-O-07,RUS-O,,token,s115t0,1,1,0,0
P007,RUS-O-07,RUS-O,,token,s115t1,1,1,0,0
P007,RUS-O-07,RUS-O,,token,s115t2,1,1,0,0
P007,RUS-O-07,RUS-O,,token,s115t3,1,1,0,0
P007,RUS-O-07,RUS-O,,token,s115t4,1,1,0,0
P007,RUS-O-07,RUS-O,,token,s115t5,1,1,0,0
P007,RUS-O-07,RUS-O,,token,s115t6,1,1,0,0
P007,RUS-O-07,RUS-O,,token,s115t7,1,1,0,0
P007,RUS-O-07,RUS-O,,token,s115t8,1,1,0,0
P007,RUS-O-07,RUS-O,,token,s115t9,1,1,0,0
P007,RUS-O-07,RUS-O,,token,s115t10,1,1,0,0
P007,RUS-O-07,RUS-O,,token,s116t0,1,1,0,0
P007,RUS-O-07,RUS-O,,token,s116t1,1,1,0,0
P007,RUS-O-07,RUS-O,,token,s116t2,1,1,0,0
P007,RUS-O-07,RUS-O,,token,s116t3,1,1,0,0
P007,RUS-O-07,RUS-O,,token,s116t4,1,1,0,0
P007,RUS-O-07,RUS-O,,token,s116t5,1,1,0,0
P007,RUS-O-07,RUS-O,,token,s116t6,1,1,0,0
P007,RUS-O-07,RUS-O,,token,s116t7,1,1,0,0
P007,RUS-O-07,RUS-O,,token,s116t8,1,1,0,0
P007,RUS-O-07,RUS-O,,token,s116t9,1,1,0,0
P007,RUS-O-07,RUS-O,,token,s116t10,1,1,0,0
P007,RUS-O-07,RUS-O,,token,s117t0,1,1,0,0
P007,RUS-O-07,RUS-O,,token,s117t1,1,1,0,0
P007,RUS-O-07,RUS-O,,token,s117t2,1,1,0,0
P007,RUS-O-07,RUS-O,,token,s117t3,1,1,0,0
P007,RUS-O-07,RUS-O,,token,s117t4,1,1,0,0
P007,RUS-O-07,RUS-O,,token,s117t5,1,1,0,0
P007,RUS-O-07,RUS-O,,token,s117t6,1,1,0,0
P007,RUS-O-07,RUS-O,,token,s117t7,1,1,0,0
P007,RUS-O-07,RUS-O,,token,s117t8,1,1,0,0
P008,RUS-O-08,RUS-O,,token,s55t0,1,1,0,0
P008,RUS-O-08,RUS-O,,token,s55t1,1,1,0,0
P008,RUS-O-08,RUS-O,,token,s55t2,1,1,0,0
P008,RUS-O-08,RUS-O,,token,s55t3,1,1,0,0
P008,RUS-O-08,RUS-O,,token,s55t4,1,1,0,0
P008,RUS-O-08,RUS-O,,token,s55t5,1,1,0,0
P008,RUS-O-08,RUS-O,,token,s55t6,1,1,0,0
P008,RUS-O-08,RUS-O,,token,s55t7,1,1,0,0
P008,RUS-O-08,RUS-O,,token,s56t0,1,1,0,0
P008,RUS-O-08,RUS-O,,token,s56t1,1,1,0,0
P008,RUS-O-08,RUS-O,,token,s56t2,1,1,0,0
P008,RUS-O-08,RUS-O,,token,s56t3,1,1,0,0
P008,RUS-O-08,RUS-O,,token,s56t4,1,1,0,0
P008,RUS-O-08,RUS-O,,token,s56t5,1,1,0,0
P008,RUS-O-08,RUS-O,,token,s56t6,1,1,0,0
P008,RUS-O-08,RUS-O,,token,s56t7,1,1,0,0
P008,RUS-O-08,RUS-O,,token,s56t8,1,1,0,0
P008,RUS-O-08,RUS-O,,token,s56t9,1,1,0,0
P008,RUS-O-08,RUS-O,,token,s56t10,1,1,0,0
P008,RUS-O-08,RUS-O,,token,s56t11,1,1,0,0
P008,RUS-O-08,RUS-O,,token,s56t12,1,1,0,0
P008,RUS-O-08,RUS-O,,token,s57t0,1,1,0,0
P008,RUS-O-08,RUS-O,,token,s57t1,1,1,0,0
P008,RUS-O-08,RUS-O,,token,s57t2,1,1,0,0
P008,RUS-O-08,RUS-O,,token,s57t3,1,1,0,0
P008,RUS-O-08,RUS-O,,token,s57t4,1,1,0,0
P008,RUS-O-08,RUS-O,,token,s57t5,1,1,0,0
P008,RUS-O-08,RUS-O,,token,s57t6,1,1,0,0
P008,RUS-O-08,RUS-O,,token,s57t7,1,1,0,0
P008,RUS-O-08,RUS-O,,token,s57t8,1,1,0,0
P008,RUS-O-08,RUS-O,,token,s57t9,1,1,0,0
P008,RUS-O-08,RUS-O,,token,s58t0,1,1,0,0
P008,RUS-O-08,RUS-O,,token,s58t1,1,1,0,0
P008,RUS-O-08,RUS-O,,token,s58t2,1,1,0,0
P008,RUS-O-08,RUS-O,,token,s58t3,1,1,0,0
P008,RUS-O-08,RUS-O,,token,s58t4,1,1,0,0
P008,RUS-O-08,RUS-O,,token,s58t5,1,1,0,0
P008,RUS-O-08,RUS-O,,token,s58t6,1,1,0,0
P008,RUS-O-08,RUS-O,,token,s59t0,1,1,0,0
P008,RUS-O-08,RUS-O,,token,s59t1,1,1,0,0
P008,RUS-O-08,RUS-O,,token,s59t2,1,1,0,0
P008,RUS-O-08,RUS-O,,token,s59t3,1,1,0,0
P008,RUS-O-08,RUS-O,,token,s59t4,1,1,0,0
P008,RUS-O-08,RUS-O,,token,s59t5,1,1,0,0
P008,RUS-O-08,RUS-O,,token,s59t6,1,1,0,0
P009,RUS-O-09,RUS-O,,token,s63t0,1,1,0,0
P009,RUS-O-09,RUS-O,,token,s63t1,1,1,0,0
P009,RUS-O-09,RUS-O,,token,s63t2,1,1,0,0
P009,RUS-O-09,RUS-O,,token,s63t3,1,1,0,0
P009,RUS-O-09,RUS-O,,token,s63t4,1,1,0,0
P009,RUS-O-09,RUS-O,,token,s63t5,1,1,0,0
P009,RUS-O-09,RUS-O,,token,s63t6,1,1,0,0
P009,RUS-O-09,RUS-O,,token,s63t7,1,1,0,0
P009,RUS-O-09,RUS-O,,token,s63t8,1,1,0,0
P009,RUS-O-09,RUS-O,,token,s63t9,1,1,0,0
P009,RUS-O-09,RUS-O,,token,s63t10,1,1,0,0
P009,RUS-O-09,RUS-O,,token,s64t0,1,1,0,0
P009,RUS-O-09,RUS-O,,token,s64t1,1,1,0,0
P009,RUS-O-09,RUS-O,,token,s64t2,1,1,0,0
P009,RUS-O-09,RUS-O,,token,s64t3,1,1,0,0
P009,RUS-O-09,RUS-O,,token,s64t4,1,1,0,0
P009,RUS-O-09,RUS-O,,token,s64t5,1,1,0,0
P009,RUS-O-09,RUS-O,,token,s64t6,1,1,0,0
P009,RUS-O-09,RUS-O,,token,s64t7,1,1,0,0
P009,RUS-O-09,RUS-O,,token,s64t8,1,1,0,0
P009,RUS-O-09,RUS-O,,token,s64t9,1,1,0,0
P009,RUS-O-09,RUS-O,,token,s64t10,1,1,0,0
P009,RUS-O-09,RUS-O,,token,s64t11,1,1,0,0
P009,RUS-O-09,RUS-O,,token,s64t12,1,1,0,0
P009,RUS-O-09,RUS-O,,token,s64t13,1,1,0,0
P009,RUS-O-09,RUS-O,,token,s64t14,1,1,0,0
P009,RUS-O-09,RUS-O,,token,s65t0,1,1,0,0
P009,RUS-O-09,RUS-O,,token,s65t1,1,1,0,0
P009,RUS-O-09,RUS-O,,token,s65t2,1,1,0,0
P009,RUS-O-09,RUS-O,,token,s65t3,1,1,0,0
P009,RUS-O-09,RUS-O,,token,s65t4,1,1,0,0
P009,RUS-O-09,RUS-O,,token,s65t5,1,1,0,0
P009,RUS-O-09,RUS-O,,token,s65t6,1,1,0,0
P009,RUS-O-09,RUS-O,,token,s65t7,1,1,0,0
P009,RUS-O-09,RUS-O,,token,s65t8,1,1,0,0
P009,RUS-O-09,RUS-O,,token,s65t9,1,1,0,0
P009,RUS-O-09,RUS-O,,token,s65t10,1,1,0,0
P009,RUS-O-09,RUS-O,,token,s65t11,1,1,0,0
P009,RUS-O-09,RUS-O,,token,s65t12,1,1,0,0
P009,RUS-O-09,RUS-O,,token,s65t13,1,1,0,0
P009,RUS-O-09,RUS-O,,token,s65t14,1,1,0,0
P009,RUS-O-09,RUS-O,,token,s66t0,1,1,0,0
P009,RUS-O-09,RUS-O,,token,s66t1,1,1,0,0
P009,RUS-O-09,RUS-O,,token,s66t2,1,1,0,0
P009,RUS-O-09,RUS-O,,token,s66t3,1,1,0,0
P009,RUS-O-09,RUS-O,,token,s66t4,1,1,0,0
P009,RUS-O-09,RUS-O,,token,s66t5,1,1,0,0
P009,RUS-O-09,RUS-O,,token,s66t6,1,1,0,0
P009,RUS-O-09,RUS-O,,token,s66t7,1,1,0,0
P009,RUS-O-09,RUS-O,,token,s66t8,1,1,0,0
P009,RUS-O-09,RUS-O,,token,s66t9,1,1,0,0
P009,RUS-O-09,RUS-O,,token,s67t0,1,1,0,0
P009,RUS-O-09,RUS-O,,token,s67t1,1,1,0,0
P009,RUS-O-09,RUS-O,,token,s67t2,1,1,0,0
P009,RUS-O-09,RUS-O,,token,s67t3,1,1,0,0
P009,RUS-O-09,RUS-O,,token,s67t4,1,1,0,0
P009,RUS-O-09,RUS-O,,token,s67t5,1,1,0,0
P009,RUS-O-09,RUS-O,,token,s67t6,1,1,0,0
P009,RUS-O-09,RUS-O,,token,s67t7,1,1,0,0
P009,RUS-O-09,RUS-O,,token,s67t8,1,1,0,0
P009,RUS-O-09,RUS-O,,token,s67t9,1,1,0,0
P009,RUS-O-09,RUS-O,,token,s67t10,1,1,0,0
P009,RUS-O-09,RUS-O,,token,s67t11,1,1,0,0
P009,RUS-O-09,RUS-O,,token,s67t12,1,1,0,0
P009,RUS-O-09,RUS-O,,token,s67t13,1,1,0,0
P009,RUS-O-09,RUS-O,,token,s67t14,1,1,0,0
P009,RUS-O-09,RUS-O,,token,s67t15,1,1,0,0
P009,RUS-O-09,RUS-O,,token,s67t16,1,1,0,0
P009,RUS-O-09,RUS-O,,token,s67t17,1,1,0,0
P010,RUS-O-10,RUS-O,,token,s151t0,1,1,0,0
P010,RUS-O-10,RUS-O,,token,s151t1,1,1,0,0
P010,RUS-O-10,RUS-O,,token,s151t2,1,1,0,0
P010,RUS-O-10,RUS-O,,token,s152t0,1,1,0,0
P010,RUS-O-10,RUS-O,,token,s152t1,1,1,0,0
P010,RUS-O-10,RUS-O,,token,s152t2,1,1,0,0
P010,RUS-O-10,RUS-O,,token,s152t3,1,1,0,0
P010,RUS-O-10,RUS-O,,token,s153t0,1,1,0,0
P010,RUS-O-10,RUS-O,,token,s153t1,1,1,0,0
P010,RUS-O-10,RUS-O,,token,s153t2,1,1,0,0
P010,RUS-O-10,RUS-O,,token,s153t3,1,1,0,0
P010,RUS-O-10,RUS-O,,token,s154t0,1,1,0,0
P010,RUS-O-10,RUS-O,,token,s154t1,1,1,0,0
P010,RUS-O-10,RUS-O,,token,s154t2,1,1,0,0
P010,RUS-O-10,RUS-O,,token,s154t3,1,1,0,0
P010,RUS-O-10,RUS-O,,token,s155t0,1,1,0,0
P010,RUS-O-10,RUS-O,,token,s155t1,1,1,0,0
P010,RUS-O-10,RUS-O,,token,s155t2,1,1,0,0
P010,RUS-O-10,RUS-O,,token,s155t3,1,1,0,0
P010,RUS-O-10,RUS-O,,token,s155t4,1,1,0,0
P010,RUS-O-10,RUS-O,,token,s155t5,1,1,0,0
P010,RUS-O-10,RUS-O,,token,s155t6,1,1,0,0
P010,RUS-O-10,RUS-O,,token,s155t7,1,1,0,0
P010,RUS-O-10,RUS-O,,token,s155t8,1,1,0,0
P010,RUS-O-10,RUS-O,,token,s155t9,1,1,0,0
P010,RUS-O-10,RUS-O,,token,s155t10,1,1,0,0
P010,RUS-O-10,RUS-O,,token,s155t11,1,1,0,0
P010,RUS-O-10,RUS-O,,token,s155t12,1,1,0,0
P010,RUS-O-10,RUS-O,,token,s155t13,1,1,0,0
P010,RUS-O-10,RUS-O,,token,s155t14,1,1,0,0
P010,RUS-O-10,RUS-O,,token,s155t15,1,1,0,0
P010,RUS-O-10,RUS-O,,token,s155t16,1,1,0,0
P010,RUS-O-10,RUS-O,,token,s155t17,1,1,0,0
P011,RUS-O-11,RUS-O,,token,s483t0,1,1,0,0
P011,RUS-O-11,RUS-O,,token,s483t1,1,1,0,0
P011,RUS-O-11,RUS-O,,token,s483t2,1,1,0,0
P011,RUS-O-11,RUS-O,,token,s483t3,1,1,0,0
P011,RUS-O-11,RUS-O,,token,s483t4,1,1,0,0
P011,RUS-O-11,RUS-O,,token,s483t5,1,1,0,0
P011,RUS-O-11,RUS-O,,token,s483t6,1,1,0,0
P011,RUS-O-11,RUS-O,,token,s483t7,1,1,0,0
P011,RUS-O-11,RUS-O,,token,s483t8,1,1,0,0
P011,RUS-O-11,RUS-O,,token,s483t9,1,1,0,0
P011,RUS-O-11,RUS-O,,token,s483t10,1,1,0,0
P011,RUS-O-11,RUS-O,,token,s484t0,1,1,0,0
P011,RUS-O-11,RUS-O,,token,s484t1,1,1,0,0
P011,RUS-O-11,RUS-O,,token,s484t2,1,1,0,0
P011,RUS-O-11,RUS-O,,token,s484t3,1,1,0,0
P011,RUS-O-11,RUS-O,,token,s484t4,1,1,0,0
P011,RUS-O-11,RUS-O,,token,s484t5,1,1,0,0
P011,RUS-O-11,RUS-O,,token,s484t6,1,1,0,0
P011,RUS-O-11,RUS-O,,token,s484t7,1,1,0,0
P011,RUS-O-11,RUS-O,,token,s484t8,1,1,0,0
P011,RUS-O-11,RUS-O,,token,s484t9,1,1,0,0
P011,RUS-O-11,RUS-O,,token,s484t10,1,1,0,0
P011,RUS-O-11,RUS-O,,token,s484t11,1,1,0,0
P011,RUS-O-11,RUS-O,,token,s485t0,1,1,0,0
P011,RUS-O-11,RUS-O,,token,s485t1,1,1,0,0
P011,RUS-O-11,RUS-O,,token,s485t2,1,1,0,0
P011,RUS-O-11,RUS-O,,token,s485t3,1,1,0,0
P011,RUS-O-11,RUS-O,,token,s485t4,1,1,0,0
P011,RUS-O-11,RUS-O,,token,s485t5,1,1,0,0
P011,RUS-O-11,RUS-O,,token,s485t6,1,1,0,0
P011,RUS-O-11,RUS-O,,token,s485t7,1,1,0,0
P011,RUS-O-11,RUS-O,,token,s486t0,1,1,0,0
P011,RUS-O-11,RUS-O,,token,s486t1,1,1,0,0
P011,RUS-O-11,RUS-O,,token,s486t2,1,1,0,0
P011,RUS-O-11,RUS-O,,token,s486t3,1,1,0,0
P011,RUS-O-11,RUS-O,,token,s487t0,1,1,0,0
P011,RUS-O-11,RUS-O,,token,s487t1,1,1,0,0
P011,RUS-O-11,RUS-O,,token,s487t2,1,1,0,0
P011,RUS-O-11,RUS-O,,token,s487t3,1,1,0,0
P011,RUS-O-11,RUS-O,,token,s487t4,1,1,0,0
P012,RUS-O-12,RUS-O,,token,s189t0,1,1,0,0
P012,RUS-O-12,RUS-O,,token,s189t1,1,1,0,0
P012,RUS-O-12,RUS-O,,token,s189t2,1,1,0,0
P012,RUS-O-12,RUS-O,,token,s189t3,1,1,0,0
P012,RUS-O-12,RUS-O,,token,s189t4,1,1,0,0
P012,RUS-O-12,RUS-O,,token,s190t0,1,1,0,0
P012,RUS-O-12,RUS-O,,token,s190t1,1,1,0,0
P012,RUS-O-12,RUS-O,,token,s190t2,1,1,0,0
P012,RUS-O-12,RUS-O,,token,s190t3,1,1,0,0
P012,RUS-O-12,RUS-O,,token,s190t4,1,1,0,0
P012,RUS-O-12,RUS-O,,token,s190t5,1,1,0,0
P012,RUS-O-12,RUS-O,,token,s190t6,1,1,0,0
P012,RUS-O-12,RUS-O,,token,s190t7,1,1,0,0
P012,RUS-O-12,RUS-O,,token,s190t8,1,1,0,0
P012,RUS-O-12,RUS-O,,token,s191t0,1,1,0,0
P012,RUS-O-12,RUS-O,,token,s191t1,1,1,0,0
P012,RUS-O-12,RUS-O,,token,s191t2,1,1,0,0
P012,RUS-O-12,RUS-O,,token,s191t3,1,1,0,0
P012,RUS-O-12,RUS-O,,token,s191t4,1,1,0,0
P012,RUS-O-12,RUS-O,,token,s191t5,1,1,0,0
P012,RUS-O-12,RUS-O,,token,s191t6,1,1,0,0
P012,RUS-O-12,RUS-O,,token,s191t7,1,1,0,0
P012,RUS-O-12,RUS-O,,token,s191t8,1,1,0,0
P012,RUS-O-12,RUS-O,,token,s191t9,1,1,0,0
P012,RUS-O-12,RUS-O,,token,s191t10,1,1,0,0
P012,RUS-O-12,RUS-O,,token,s191t11,1,1,0,0
P012,RUS-O-12,RUS-O,,token,s191t12,1,1,0,0
P012,RUS-O-12,RUS-O,,token,s191t13,1,1,0,0
P012,RUS-O-12,RUS-O,,token,s191t14,1,1,0,0
P012,RUS-O-12,RUS-O,,token,s191t15,1,1,0,0
P012,RUS-O-12,RUS-O,,token,s192t0,1,1,0,0
P012,RUS-O-12,RUS-O,,token,s192t1,1,1,0,0
P012,RUS-O-12,RUS-O,,token,s192t2,1,1,0,0
P012,RUS-O-12,RUS-O,,token,s192t3,1,1,0,0
P012,RUS-O-12,RUS-O,,token,s192t4,1,1,0,0
P012,RUS-O-12,RUS-O,,token,s192t5,1,1,0,0
P012,RUS-O-12,RUS-O,,token,s192t6,1,1,0,0
P012,RUS-O-12,RUS-O,,token,s192t7,1,1,0,0
P012,RUS-O-12,RUS-O,,token,s193t0,1,1,0,0
P012,RUS-O-12,RUS-O,,token,s193t1,1,1,0,0
P012,RUS-O-12,RUS-O,,token,s193t2,1,1,0,0
P013,RUS-O-13,RUS-O,,token,s82t0,1,1,0,0
P013,RUS-O-13,RUS-O,,token,s82t1,1,1,0,0
P013,RUS-O-13,RUS-O,,token,s82t2,1,1,0,0
P013,RUS-O-13,RUS-O,,token,s82t3,1,1,0,0
P013,RUS-O-13,RUS-O,,token,s82t4,1,1,0,0
P013,RUS-O-13,RUS-O,,token,s82t5,1,1,0,0
P013,RUS-O-13,RUS-O,,token,s82t6,1,1,0,0
P013,RUS-O-13,RUS-O,,token,s83t0,1,1,0,0
P013,RUS-O-13,RUS-O,,token,s83t1,1,1,0,0
P013,RUS-O-13,RUS-O,,token,s83t2,1,1,0,0
P013,RUS-O-13,RUS-O,,token,s83t3,1,1,0,0
P013,RUS-O-13,RUS-O,,token,s83t4,1,1,0,0
P013,RUS-O-13,RUS-O,,token,s83t5,1,1,0,0
P013,RUS-O-13,RUS-O,,token,s83t6,1,1,0,0
P013,RUS-O-13,RUS-O,,token,s83t7,1,1,0,0
P013,RUS-O-13,RUS-O,,token,s83t8,1,1,0,0
P013,RUS-O-13,RUS-O,,token,s84t0,1,1,0,0
P013,RUS-O-13,RUS-O,,token,s84t1,1,1,0,0
P013,RUS-O-13,RUS-O,,token,s84t2,1,1,0,0
P013,RUS-O-13,RUS-O,,token,s84t3,1,1,0,0
P013,RUS-O-13,RUS-O,,token,s84t4,1,1,0,0
P013,RUS-O-13,RUS-O,,token,s84t5,1,1,0,0
P013,RUS-O-13,RUS-O,,token,s84t6,1,1,0,0
P013,RUS-O-13,RUS-O,,token,s85t0,1,1,0,0
P013,RUS-O-13,RUS-O,,token,s85t1,1,1,0,0
P013,RUS-O-13,RUS-O,,token,s85t2,1,1,0,0
P013,RUS-O-13,RUS-O,,token,s85t3,1,1,0,0
P013,RUS-O-13,RUS-O,,token,s85t4,1,1,0,0
P013,RUS-O-13,RUS-O,,token,s85t5,1,1,0,0
P013,RUS-O-13,RUS-O,,token,s85t6,1,1,0,0
P013,RUS-O-13,RUS-O,,token,s85t7,1,1,0,0
P013,RUS-O-13,RUS-O,,token,s85t8,1,1,0,0
P013,RUS-O-13,RUS-O,,token,s85t9,1,1,0,0
P013,RUS-O-13,RUS-O,,token,s85t10,1,1,0,0
P013,RUS-O-13,RUS-O,,token,s85t11,1,1,0,0
P013,RUS-O-13,RUS-O,,token,s86t0,1,1,0,0
P013,RUS-O-13,RUS-O,,token,s86t1,1,1,0,0
P013,RUS-O-13,RUS-O,,token,s86t2,1,1,0,0
P013,RUS-O-13,RUS-O,,token,s86t3,1,1,0,0
P013,RUS-O-13,RUS-O,,token,s86t4,1,1,0,0
P013,RUS-O-13,RUS-O,,token,s86t5,1,1,0,0
P013,RUS-O-13,RUS-O,,token,s86t6,1,1,0,0
P013,RUS-O-13,RUS-O,,token,s86t7,1,1,0,0
P013,RUS-O-13,RUS-O,,token,s86t8,1,1,0,0
P013,RUS-O-13,RUS-O,,token,s86t9,1,1,0,0
P013,RUS-O-13,RUS-O,,token,s86t10,1,1,0,0
P013,RUS-O-13,RUS-O,,token,s86t11,1,1,0,0
P013,RUS-O-13,RUS-O,,token,s86t12,1,1,0,0
P014,RUS-O-14,RUS-O,,token,s8t0,1,1,0,0
P014,RUS-O-14,RUS-O,,token,s8t1,1,1,0,0
P014,RUS-O-14,RUS-O,,token,s8t2,1,1,0,0
P014,RUS-O-14,RUS-O,,token,s8t3,1,1,0,0
P014,RUS-O-14,RUS-O,,token,s8t4,1,1,0,0
P014,RUS-O-14,RUS-O,,token,s8t5,1,1,0,0
P014,RUS-O-14,RUS-O,,token,s8t6,1,1,0,0
P014,RUS-O-14,RUS-O,,token,s9t0,1,1,0,0
P014,RUS-O-14,RUS-O,,token,s9t1,1,1,0,0
P014,RUS-O-14,RUS-O,,token,s9t2,1,1,0,0
P014,RUS-O-14,RUS-O,,token,s9t3,1,1,0,0
P014,RUS-O-14,RUS-O,,token,s9t4,1,1,0,0
P014,RUS-O-14,RUS-O,,token,s9t5,1,1,0,0
P014,RUS-O-14,RUS-O,,token,s9t6,1,1,0,0
P014,RUS-O-14,RUS-O,,token,s9t7,1,1,0,0
P014,RUS-O-14,RUS-O,,token,s9t8,1,1,0,0
P014,RUS-O-14,RUS-O,,token,s9t9,1,1,0,0
P014,RUS-O-14,RUS-O,,token,s9t10,1,1,0,0
P014,RUS-O-14,RUS-O,,token,s9t11,1,1,0,0
P014,RUS-O-14,RUS-O,,token,s9t12,1,1,0,0
P014,RUS-O-14,RUS-O,,token,s9t13,1,1,0,0
P014,RUS-O-14,RUS-O,,token,s10t0,1,1,0,0
P014,RUS-O-14,RUS-O,,token,s10t1,1,1,0,0
P014,RUS-O-14,RUS-O,,token,s10t2,1,1,0,0
P014,RUS-O-14,RUS-O,,token,s10t3,1,1,0,0
P014,RUS-O-14,RUS-O,,token,s10t4,1,1,0,0
P014,RUS-O-14,RUS-O,,token,s10t5,1,1,0,0
P014,RUS-O-14,RUS-O,,token,s10t6,1,1,0,0
P014,RUS-O-14,RUS-O,,token,s10t7,1,1,0,0
P014,RUS-O-14,RUS-O,,token,s10t8,1,1,0,0
P014,RUS-O-14,RUS-O,,token,s10t9,1,1,0,0
P014,RUS-O-14,RUS-O,,token,s10t10,1,1,0,0
P014,RUS-O-14,RUS-O,,token,s10t11,1,1,0,0
P014,RUS-O-14,RUS-O,,token,s10t12,1,1,0,0
P014,RUS-O-14,RUS-O,,token,s10t13,1,1,0,0
P014,RUS-O-14,RUS-O,,token,s10t14,1,1,0,0
P014,RUS-O-14,RUS-O,,token,s10t15,1,1,0,0
P014,RUS-O-14,RUS-O,,token,s10t16,1,1,0,0
P014,RUS-O-14,RUS-O,,token,s10t17,1,1,0,0
P014,RUS-O-14,RUS-O,,token,s10t18,1,1,0,0
P014,RUS-O-14,RUS-O,,token,s10t19,1,1,0,0
P014,RUS-O-14,RUS-O,,token,s10t20,1,1,0,0
P014,RUS-O-14,RUS-O,,token,s10t21,1,1,0,0
P014,RUS-O-14,RUS-O,,token,s10t22,1,1,0,0
P014,RUS-O-14,RUS-O,,token,s10t23,1,1,0,0
P014,RUS-O-14,RUS-O,,token,s10t24,1,1,0,0
P014,RUS-O-14,RUS-O,,token,s10t25,1,1,0,0
P014,RUS-O-14,RUS-O,,token,s10t26,1,1,0,0
P014,RUS-O-14,RUS-O,,token,s10t27,1,1,0,0
P014,RUS-O-14,RUS-O,,token,s10t28,1,1,0,0
P014,RUS-O-14,RUS-O,,token,s10t29,1,1,0,0
P014,RUS-O-14,RUS-O,,token,s10t30,1,1,0,0
P014,RUS-O-14,RUS-O,,token,s10t31,1,1,0,0
P014,RUS-O-14,RUS-O,,token,s11t0,1,1,0,0
P014,RUS-O-14,RUS-O,,token,s11t1,1,1,0,0
P014,RUS-O-14,RUS-O,,token,s11t2,1,1,0,0
P014,RUS-O-14,RUS-O,,token,s11t3,1,1,0,0
P014,RUS-O-14,RUS-O,,token,s11t4,1,1,0,0
P014,RUS-O-14,RUS-O,,token,s11t5,1,1,0,0
P014,RUS-O-14,RUS-O,,token,s11t6,1,1,0,0
P014,RUS-O-14,RUS-O,,token,s11t7,1,1,0,0
P014,RUS-O-14,RUS-O,,token,s11t8,1,1,0,0
P014,RUS-O-14,RUS-O,,token,s11t9,1,1,0,0
P014,RUS-O-14,RUS-O,,token,s11t10,1,1,0,0
P014,RUS-O-14,RUS-O,,token,s12t0,1,1,0,0
P014,RUS-O-14,RUS-O,,token,s12t1,1,1,0,0
P014,RUS-O-14,RUS-O,,token,s12t2,1,1,0,0
P014,RUS-O-14,RUS-O,,token,s12t3,1,1,0,0
P014,RUS-O-14,RUS-O,,token,s12t4,1,1,0,0
P014,RUS-O-14,RUS-O,,token,s12t5,1,1,0,0
P014,RUS-O-14,RUS-O,,token,s12t6,1,1,0,0
P014,RUS-O-14,RUS-O,,token,s12t7,1,1,0,0
P014,RUS-O-14,RUS-O,,token,s12t8,1,1,0,0
P014,RUS-O-14,RUS-O,,token,s12t9,1,1,0,0
P014,RUS-O-14,RUS-O,,token,s12t10,1,1,0,0
P014,RUS-O-14,RUS-O,,token,s12t11,1,1,0,0
P014,RUS-O-14,RUS-O,,token,s12t12,1,1,0,0
P014,RUS-O-14,RUS-O,,token,s12t13,1,1,0,0
P014,RUS-O-14,RUS-O,,token,s12t14,1,1,0,0
P014,RUS-O-14,RUS-O,,token,s12t15,1,1,0,0
P014,RUS-O-14,RUS-O,,token,s12t16,1,1,0,0
P014,RUS-O-14,RUS-O,,token,s12t17,1,1,0,0
P014,RUS-O-14,RUS-O,,token,s12t18,1,1,0,0
P014,RUS-O-14,RUS-O,,token,s12t19,1,1,0,0
P014,RUS-O-14,RUS-O,,token,s12t20,1,1,0,0
P014,RUS-O-14,RUS-O,,token,s12t21,1,1,0,0
P014,RUS-O-14,RUS-O,,token,s12t22,1,1,0,0
P015,RUS-O-15,RUS-O,,token,s41t0,1,1,0,0
P015,RUS-O-15,RUS-O,,token,s41t1,1,1,0,0
P015,RUS-O-15,RUS-O,,token,s41t2,1,1,0,0
P015,RUS-O-15,RUS-O,,token,s41t3,1,1,0,0
P015,RUS-O-15,RUS-O,,token,s41t4,1,1,0,0
P015,RUS-O-15,RUS-O,,token,s41t5,1,1,0,0
P015,RUS-O-15,RUS-O,,token,s41t6,1,1,0,0
P015,RUS-O-15,RUS-O,,token,s41t7,1,1,0,0
P015,RUS-O-15,RUS-O,,token,s41t8,1,1,0,0
P015,RUS-O-15,RUS-O,,token,s41t9,1,1,0,0
P015,RUS-O-15,RUS-O,,token,s41t10,1,1,0,0
P015,RUS-O-15,RUS-O,,token,s41t11,1,1,0,0
P015,RUS-O-15,RUS-O,,token,s42t0,1,1,0,0
P015,RUS-O-15,RUS-O,,token,s42t1,1,1,0,0
P015,RUS-O-15,RUS-O,,token,s42t2,1,1,0,0
P015,RUS-O-15,RUS-O,,token,s42t3,1,1,0,0
P015,RUS-O-15,RUS-O,,token,s42t4,1,1,0,0
P015,RUS-O-15,RUS-O,,token,s42t5,1,1,0,0
P015,RUS-O-15,RUS-O,,token,s42t6,1,1,0,0
P015,RUS-O-15,RUS-O,,token,s42t7,1,1,0,0
P015,RUS-O-15,RUS-O,,token,s42t8,1,1,0,0
P015,RUS-O-15,RUS-O,,token,s42t9,1,1,0,0
P015,RUS-O-15,RUS-O,,token,s42t10,1,1,0,0
P015,RUS-O-15,RUS-O,,token,s42t11,1,1,0,0
P015,RUS-O-15,RUS-O,,token,s42t12,1,1,0,0
P015,RUS-O-15,RUS-O,,token,s42t13,1,1,0,0
P015,RUS-O-15,RUS-O,,token,s42t14,1,1,0,0
P015,RUS-O-15,RUS-O,,token,s42t15,1,1,0,0
P015,RUS-O-15,RUS-O,,token,s42t16,1,1,0,0
P015,RUS-O-15,RUS-O,,token,s42t17,1,1,0,0
P015,RUS-O-15,RUS-O,,token,s42t18,1,1,0,0
P015,RUS-O-15,RUS-O,,token,s42t19,1,1,0,0
P015,RUS-O-15,RUS-O,,token,s42t20,1,1,0,0
P015,RUS-O-15,RUS-O,,token,s42t21,1,1,0,0
P015,RUS-O-15,RUS-O,,token,s42t22,1,1,0,0
P015,RUS-O-15,RUS-O,,token,s42t23,1,1,0,0
P015,RUS-O-15,RUS-O,,token,s42t24,1,1,0,0
P015,RUS-O-15,RUS-O,,token,s42t25,1,1,0,0
P015,RUS-O-15,RUS-O,,token,s42t26,1,1,0,0
P015,RUS-O-15,RUS-O,,token,s42t27,1,1,0,0
P015,RUS-O-15,RUS-O,,token,s42t28,1,1,0,0
P015,RUS-O-15,RUS-O,,token,s42t29,1,1,0,0
P015,RUS-O-15,RUS-O,,token,s42t30,1,1,0,0
P015,RUS-O-15,RUS-O,,token,s42t31,1,1,0,0
P015,RUS-O-15,RUS-O,,token,s42t32,1,1,0,0
P015,RUS-O-15,RUS-O,,token,s42t33,1,1,0,0
P015,RUS-O-15,RUS-O,,token,s42t34,1,1,0,0
P015,RUS-O-15,RUS-O,,token,s42t35,1,1,0,0
P015,RUS-O-15,RUS-O,,token,s42t36,1,1,0,0
P015,RUS-O-15,RUS-O,,token,s42t37,1,1,0,0
P015,RUS-O-15,RUS-O,,token,s42t38,1,1,0,0
P015,RUS-O-15,RUS-O,,token,s42t39,1,1,0,0
P015,RUS-O-15,RUS-O,,token,s42t40,1,1,0,0
P015,RUS-O-15,RUS-O,,token,s42t41,1,1,0,0
P015,RUS-O-15,RUS-O,,token,s43t0,1,1,0,0
P015,RUS-O-15,RUS-O,,token,s43t1,1,1,0,0
P015,RUS-O-15,RUS-O,,token,s43t2,1,1,0,0
P015,RUS-O-15,RUS-O,,token,s43t3,1,1,0,0
P015,RUS-O-15,RUS-O,,token,s43t4,1,1,0,0
P015,RUS-O-15,RUS-O,,token,s43t5,1,1,0,0
P015,RUS-O-15,RUS-O,,token,s43t6,1,1,0,0
P015,RUS-O-15,RUS-O,,token,s43t7,1,1,0,0
P015,RUS-O-15,RUS-O,,token,s44t0,1,1,0,0
P015,RUS-O-15,RUS-O,,token,s44t1,1,1,0,0
P015,RUS-O-15,RUS-O,,token,s44t2,1,1,0,0
P015,RUS-O-15,RUS-O,,token,s44t3,1,1,0,0
P015,RUS-O-15,RUS-O,,token,s44t4,1,1,0,0
P015,RUS-O-15,RUS-O,,token,s44t5,1,1,0,0
P015,RUS-O-15,RUS-O,,token,s44t6,1,1,0,0
P015,RUS-O-15,RUS-O,,token,s44t7,1,1,0,0
P015,RUS-O-15,RUS-O,,token,s44t8,1,1,0,0
P015,RUS-O-15,RUS-O,,token,s44t9,1,1,0,0
P015,RUS-O-15,RUS-O,,token,s44t10,1,1,0,0
P015,RUS-O-15,RUS-O,,token,s45t0,1,1,0,0
P015,RUS-O-15,RUS-O,,token,s45t1,1,1,0,0
P015,RUS-O-15,RUS-O,,token,s45t2,1,1,0,0
P015,RUS-O-15,RUS-O,,token,s45t3,1,1,0,0
P015,RUS-O-15,RUS-O,,token,s45t4,1,1,0,0
P015,RUS-O-15,RUS-O,,token,s45t5,1,1,0,0
P015,RUS-O-15,RUS-O,,token,s45t6,1,1,0,0
P015,RUS-O-15,RUS-O,,token,s45t7,1,1,0,0
P015,RUS-O-15,RUS-O,,token,s45t8,1,1,0,0
P015,RUS-O-15,RUS-O,,token,s45t9,1,1,0,0
P016,RUS-O-16,RUS-O,,token,s61t0,1,1,0,0
P016,RUS-O-16,RUS-O,,token,s61t1,1,1,0,0
P016,RUS-O-16,RUS-O,,token,s61t2,1,1,0,0
P016,RUS-O-16,RUS-O,,token,s61t3,1,1,0,0
P016,RUS-O-16,RUS-O,,token,s61t4,1,1,0,0
P016,RUS-O-16,RUS-O,,token,s62t0,1,1,0,0
P016,RUS-O-16,RUS-O,,token,s62t1,1,1,0,0
P016,RUS-O-16,RUS-O,,token,s62t2,1,1,0,0
P016,RUS-O-16,RUS-O,,token,s63t0,1,1,0,0
P016,RUS-O-16,RUS-O,,token,s63t1,1,1,0,0
P016,RUS-O-16,RUS-O,,token,s63t2,1,1,0,0
P016,RUS-O-16,RUS-O,,token,s63t3,1,1,0,0
P016,RUS-O-16,RUS-O,,token,s63t4,1,1,0,0
P016,RUS-O-16,RUS-O,,token,s63t5,1,1,0,0
P016,RUS-O-16,RUS-O,,token,s63t6,1,1,0,0
P016,RUS-O-16,RUS-O,,token,s64t0,1,1,0,0
P016,RUS-O-16,RUS-O,,token,s64t1,1,1,0,0
P016,RUS-O-16,RUS-O,,token,s64t2,1,1,0,0
P016,RUS-O-16,RUS-O,,token,s64t3,1,1,0,0
P016,RUS-O-16,RUS-O,,token,s64t4,1,1,0,0
P016,RUS-O-16,RUS-O,,token,s64t5,1,1,0,0
P016,RUS-O-16,RUS-O,,token,s64t6,1,1,0,0
P016,RUS-O-16,RUS-O,,token,s64t7,1,1,0,0
P016,RUS-O-16,RUS-O,,token,s65t0,1,1,0,0
P016,RUS-O-16,RUS-O,,token,s65t1,1,1,0,0
P016,RUS-O-16,RUS-O,,token,s65t2,1,1,0,0
P016,RUS-O-16,RUS-O,,token,s65t3,1,1,0,0
P016,RUS-O-16,RUS-O,,token,s65t4,1,1,0,0
P016,RUS-O-16,RUS-O,,token,s65t5,1,1,0,0
P016,RUS-O-16,RUS-O,,token,s65t6,1,1,0,0
P016,RUS-O-16,RUS-O,,token,s65t7,1,1,0,0
P016,RUS-O-16,RUS-O,,token,s65t8,1,1,0,0
P016,RUS-O-16,RUS-O,,token,s65t9,1,1,0,0
P016,RUS-O-16,RUS-O,,token,s65t10,1,1,0,0
P016,RUS-O-16,RUS-O,,token,s65t11,1,1,0,0
P016,RUS-O-16,RUS-O,,token,s65t12,1,1,0,0
P017,RUS-O-22,RUS-O,,token,s229t0,1,1,0,0
P017,RUS-O-22,RUS-O,,token,s229t1,1,1,0,0
P017,RUS-O-22,RUS-O,,token,s229t2,1,1,0,0
P017,RUS-O-22,RUS-O,,token,s230t0,1,1,0,0
P017,RUS-O-22,RUS-O,,token,s230t1,1,1,0,0
P017,RUS-O-22,RUS-O,,token,s230t2,1,1,0,0
P017,RUS-O-22,RUS-O,,token,s231t0,1,1,0,0
P017,RUS-O-22,RUS-O,,token,s231t1,1,1,0,0
P017,RUS-O-22,RUS-O,,token,s231t2,1,1,0,0
P017,RUS-O-22,RUS-O,,token,s232t0,1,1,0,0
P017,RUS-O-22,RUS-O,,token,s232t1,1,1,0,0
P017,RUS-O-22,RUS-O,,token,s232t2,1,1,0,0
P017,RUS-O-22,RUS-O,,token,s232t3,1,1,0,0
P017,RUS-O-22,RUS-O,,token,s233t0,1,1,0,0
P017,RUS-O-22,RUS-O,,token,s233t1,1,1,0,0
P017,RUS-O-22,RUS-O,,token,s233t2,1,1,0,0
P017,RUS-O-22,RUS-O,,token,s233t3,1,1,0,0
P018,RUS-O-28,RUS-O,,token,s17t0,1,1,0,0
P018,RUS-O-28,RUS-O,,token,s17t1,1,1,0,0
P018,RUS-O-28,RUS-O,,token,s17t2,1,1,0,0
P018,RUS-O-28,RUS-O,,token,s17t3,1,1,0,0
P018,RUS-O-28,RUS-O,,token,s18t0,1,1,0,0
P018,RUS-O-28,RUS-O,,token,s18t1,1,1,0,0
P018,RUS-O-28,RUS-O,,token,s18t2,1,1,0,0
P018,RUS-O-28,RUS-O,,token,s18t3,1,1,0,0
P018,RUS-O-28,RUS-O,,token,s18t4,1,1,0,0
P018,RUS-O-28,RUS-O,,token,s18t5,1,1,0,0
P018,RUS-O-28,RUS-O,,token,s18t6,1,1,0,0
P018,RUS-O-28,RUS-O,,token,s18t7,1,1,0,0
P018,RUS-O-28,RUS-O,,token,s18t8,1,1,0,0
P018,RUS-O-28,RUS-O,,token,s18t9,1,1,0,0
P018,RUS-O-28,RUS-O,,token,s19t0,1,1,0,0
P018,RUS-O-28,RUS-O,,token,s19t1,1,1,0,0
P018,RUS-O-28,RUS-O,,token,s19t2,1,1,0,0
P018,RUS-O-28,RUS-O,,token,s19t3,1,1,0,0
P018,RUS-O-28,RUS-O,,token,s19t4,1,1,0,0
P018,RUS-O-28,RUS-O,,token,s19t5,1,1,0,0
P018,RUS-O-28,RUS-O,,token,s19t6,1,1,0,0
P018,RUS-O-28,RUS-O,,token,s19t7,1,1,0,0
P018,RUS-O-28,RUS-O,,token,s19t8,1,1,0,0
P018,RUS-O-28,RUS-O,,token,s19t9,1,1,0,0
P018,RUS-O-28,RUS-O,,token,s19t10,1,1,0,0
P018,RUS-O-28,RUS-O,,token,s20t0,1,1,0,0
P018,RUS-O-28,RUS-O,,token,s20t1,1,1,0,0
P018,RUS-O-28,RUS-O,,token,s20t2,1,1,0,0
P018,RUS-O-28,RUS-O,,token,s20t3,1,1,0,0
P018,RUS-O-28,RUS-O,,token,s20t4,1,1,0,0
P018,RUS-O-28,RUS-O,,token,s20t5,1,1,0,0
P018,RUS-O-28,RUS-O,,token,s20t6,1,1,0,0
P018,RUS-O-28,RUS-O,,token,s20t7,1,1,0,0
P018,RUS-O-28,RUS-O,,token,s20t8,1,1,0,0
P018,RUS-O-28,RUS-O,,token,s20t9,1,1,0,0
P018,RUS-O-28,RUS-O,,token,s20t10,1,1,0,0
P018,RUS-O-28,RUS-O,,token,s20t11,1,1,0,0
P018,RUS-O-28,RUS-O,,token,s20t12,1,1,0,0
P018,RUS-O-28,RUS-O,,token,s21t0,1,1,0,0
P018,RUS-O-28,RUS-O,,token,s21t1,1,1,0,0
P018,RUS-O-28,RUS-O,,token,s21t2,1,1,0,0
P018,RUS-O-28,RUS-O,,token,s21t3,1,1,0,0
P018,RUS-O-28,RUS-O,,token,s21t4,1,1,0,0
P019,RUS-O-32,RUS-O,,token,s20t0,1,1,0,0
P019,RUS-O-32,RUS-O,,token,s20t1,1,1,0,0
P019,RUS-O-32,RUS-O,,token,s20t2,1,1,0,0
P019,RUS-O-32,RUS-O,,token,s20t3,1,1,0,0
P019,RUS-O-32,RUS-O,,token,s20t4,1,1,0,0
P019,RUS-O-32,RUS-O,,token,s20t5,1,1,0,0
P019,RUS-O-32,RUS-O,,token,s20t6,1,1,0,0
P019,RUS-O-32,RUS-O,,token,s20t7,1,1,0,0
P019,RUS-O-32,RUS-O,,token,s20t8,1,1,0,0
P019,RUS-O-32,RUS-O,,token,s20t9,1,1,0,0
P019,RUS-O-32,RUS-O,,token,s20t10,1,1,0,0
P019,RUS-O-32,RUS-O,,token,s20t11,1,1,0,0
P019,RUS-O-32,RUS-O,,token,s21t0,1,1,0,0
P019,RUS-O-32,RUS-O,,token,s21t1,1,1,0,0
P019,RUS-O-32,RUS-O,,token,s21t2,1,1,0,0
P019,RUS-O-32,RUS-O,,token,s21t3,1,1,0,0
P019,RUS-O-32,RUS-O,,token,s21t4,1,1,0,0
P019,RUS-O-32,RUS-O,,token,s22t0,1,1,0,0
P019,RUS-O-32,RUS-O,,token,s22t1,1,1,0,0
P019,RUS-O-32,RUS-O,,token,s22t2,1,1,0,0
P019,RUS-O-32,RUS-O,,token,s22t3,1,1,0,0
P019,RUS-O-32,RUS-O,,token,s22t4,1,1,0,0
P019,RUS-O-32,RUS-O,,token,s22t5,1,1,0,0
P019,RUS-O-32,RUS-O,,token,s23t0,1,1,0,0
P019,RUS-O-32,RUS-O,,token,s23t1,1,1,0,0
P019,RUS-O-32,RUS-O,,token,s23t2,1,1,0,0
P019,RUS-O-32,RUS-O,,token,s23t3,1,1,0,0
P019,RUS-O-32,RUS-O,,token,s23t4,1,1,0,0
P019,RUS-O-32,RUS-O,,token,s23t5,1,1,0,0
P019,RUS-O-32,RUS-O,,token,s23t6,1,1,0,0
P019,RUS-O-32,RUS-O,,token,s23t7,1,1,0,0
P019,RUS-O-32,RUS-O,,token,s23t8,1,1,0,0
P019,RUS-O-32,RUS-O,,token,s23t9,1,1,0,0
P019,RUS-O-32,RUS-O,,token,s23t10,1,1,0,0
P019,RUS-O-32,RUS-O,,token,s23t11,1,1,0,0
P019,RUS-O-32,RUS-O,,token,s23t12,1,1,0,0
P019,RUS-O-32,RUS-O,,token,s23t13,1,1,0,0
P019,RUS-O-32,RUS-O,,token,s23t14,1,1,0,0
P019,RUS-O-32,RUS-O,,token,s23t15,1,1,0,0
P019,RUS-O-32,RUS-O,,token,s23t16,1,1,0,0
P019,RUS-O-32,RUS-O,,token,s23t17,1,1,0,0
P019,RUS-O-32,RUS-O,,token,s23t18,1,1,0,0
P019,RUS-O-32,RUS-O,,token,s23t19,1,1,0,0
P019,RUS-O-32,RUS-O,,token,s23t20,1,1,0,0
P019,RUS-O-32,RUS-O,,token,s23t21,1,1,0,0
P019,RUS-O-32,RUS-O,,token,s23t22,1,1,0,0
P019,RUS-O-32,RUS-O,,token,s23t23,1,1,0,0
P019,RUS-O-32,RUS-O,,token,s23t24,1,1,0,0
P019,RUS-O-32,RUS-O,,token,s23t25,1,1,0,0
P019,RUS-O-32,RUS-O,,token,s23t26,1,1,0,0
P019,RUS-O-32,RUS-O,,token,s23t27,1,1,0,0
P019,RUS-O-32,RUS-O,,token,s23t28,1,1,0,0
P019,RUS-O-32,RUS-O,,token,s23t29,1,1,0,0
P019,RUS-O-32,RUS-O,,token,s23t30,1,1,0,0
P019,RUS-O-32,RUS-O,,token,s23t31,1,1,0,0
P019,RUS-O-32,RUS-O,,token,s23t32,1,1,0,0
P019,RUS-O-32,RUS-O,,token,s23t33,1,1,0,0
P019,RUS-O-32,RUS-O,,token,s24t0,1,1,0,0
P019,RUS-O-32,RUS-O,,token,s24t1,1,1,0,0
P019,RUS-O-32,RUS-O,,token,s24t2,1,1,0,0
P019,RUS-O-32,RUS-O,,token,s24t3,1,1,0,0
P019,RUS-O-32,RUS-O,,token,s24t4,1,1,0,0
P019,RUS-O-32,RUS-O,,token,s24t5,1,1,0,0
P019,RUS-O-32,RUS-O,,token,s24t6,1,1,0,0
P019,RUS-O-32,RUS-O,,token,s24t7,1,1,0,0
P019,RUS-O-32,RUS-O,,token,s24t8,1,1,0,0
P019,RUS-O-32,RUS-O,,token,s24t9,1,1,0,0
P019,RUS-O-32,RUS-O,,token,s24t10,1,1,0,0
P019,RUS-O-32,RUS-O,,token,s24t11,1,1,0,0
P019,RUS-O-32,RUS-O,,token,s24t12,1,1,0,0
P019,RUS-O-32,RUS-O,,token,s24t13,1,1,0,0
P019,RUS-O-32,RUS-O,,token,s24t14,1,1,0,0
P020,RUS-O-50,RUS-O,,token,s61t0,1,1,0,0
P020,RUS-O-50,RUS-O,,token,s61t1,1,1,0,0
P020,RUS-O-50,RUS-O,,token,s61t2,1,1,0,0
P020,RUS-O-50,RUS-O,,token,s61t3,1,1,0,0
P020,RUS-O-50,RUS-O,,token,s61t4,1,1,0,0
P020,RUS-O-50,RUS-O,,token,s61t5,1,1,0,0
P020,RUS-O-50,RUS-O,,token,s61t6,1,1,0,0
P020,RUS-O-50,RUS-O,,token,s61t7,1,1,0,0
P020,RUS-O-50,RUS-O,,token,s62t0,1,1,0,0
P020,RUS-O-50,RUS-O,,token,s62t1,1,1,0,0
P020,RUS-O-50,RUS-O,,token,s63t0,1,1,0,0
P020,RUS-O-50,RUS-O,,token,s63t1,1,1,0,0
P020,RUS-O-50,RUS-O,,token,s63t2,1,1,0,0
P020,RUS-O-50,RUS-O,,token,s63t3,1,1,0,0
P020,RUS-O-50,RUS-O,,token,s63t4,1,1,0,0
P020,RUS-O-50,RUS-O,,token,s63t5,1,1,0,0
P020,RUS-O-50,RUS-O,,token,s63t6,1,1,0,0
P020,RUS-O-50,RUS-O,,token,s63t7,1,1,0,0
P020,RUS-O-50,RUS-O,,token,s63t8,1,1,0,0
P020,RUS-O-50,RUS-O,,token,s63t9,1,1,0,0
P020,RUS-O-50,RUS-O,,token,s64t0,1,1,0,0
P020,RUS-O-50,RUS-O,,token,s64t1,1,1,0,0
P020,RUS-O-50,RUS-O,,token,s64t2,1,1,0,0
P020,RUS-O-50,RUS-O,,token,s64t3,1,1,0,0
P020,RUS-O-50,RUS-O,,token,s64t4,1,1,0,0
P020,RUS-O-50,RUS-O,,token,s64t5,1,1,0,0
P020,RUS-O-50,RUS-O,,token,s64t6,1,1,0,0
P020,RUS-O-50,RUS-O,,token,s64t7,1,1,0,0
P020,RUS-O-50,RUS-O,,token,s65t0,1,1,0,0
P020,RUS-O-50,RUS-O,,token,s65t1,1,1,0,0
P020,RUS-O-50,RUS-O,,token,s65t2,1,1,0,0
P020,RUS-O-50,RUS-O,,token,s65t3,1,1,0,0
P020,RUS-O-50,RUS-O,,token,s65t4,1,1,0,0
P020,RUS-O-50,RUS-O,,token,s65t5,1,1,0,0
P020,RUS-O-50,RUS-O,,token,s65t6,1,1,0,0
P020,RUS-O-50,RUS-O,,token,s65t7,1,1,0,0
P020,RUS-O-50,RUS-O,,token,s65t8,1,1,0,0
P020,RUS-O-50,RUS-O,,token,s65t9,1,1,0,0
P020,RUS-O-50,RUS-O,,token,s65t10,1,1,0,0
P020,RUS-O-50,RUS-O,,token,s65t11,1,1,0,0
P020,RUS-O-50,RUS-O,,token,s65t12,1,1,0,0
P020,RUS-O-50,RUS-O,,token,s65t13,1,1,0,0
P020,RUS-O-50,RUS-O,,token,s65t14,1,1,0,0
P020,RUS-O-50,RUS-O,,token,s65t15,1,1,0,0
P021,RUS-T-01,RUS-T,,token,s90t0,1,1,0,0
P021,RUS-T-01,RUS-T,,token,s90t1,1,1,0,0
P021,RUS-T-01,RUS-T,,token,s90t2,1,1,0,0
P021,RUS-T-01,RUS-T,,token,s90t3,1,1,0,0
P021,RUS-T-01,RUS-T,,token,s90t4,1,1,0,0
P021,RUS-T-01,RUS-T,,token,s90t5,1,1,0,0
P021,RUS-T-01,RUS-T,,token,s90t6,1,1,0,0
P021,RUS-T-01,RUS-T,,token,s90t7,1,1,0,0
P021,RUS-T-01,RUS-T,,token,s90t8,1,1,0,0
P021,RUS-T-01,RUS-T,,token,s90t9,1,1,0,0
P021,RUS-T-01,RUS-T,,token,s90t10,1,1,0,0
P021,RUS-T-01,RUS-T,,token,s90t11,1,1,0,0
P021,RUS-T-01,RUS-T,,token,s90t12,1,1,0,0
P021,RUS-T-01,RUS-T,,token,s90t13,1,1,0,0
P021,RUS-T-01,RUS-T,,token,s90t14,1,1,0,0
P021,RUS-T-01,RUS-T,,token,s90t15,1,1,0,0
P021,RUS-T-01,RUS-T,,token,s90t16,1,1,0,0
P021,RUS-T-01,RUS-T,,token,s90t17,1,1,0,0
P021,RUS-T-01,RUS-T,,token,s90t18,1,1,0,0
P021,RUS-T-01,RUS-T,,token,s90t19,1,1,0,0
P021,RUS-T-01,RUS-T,,token,s90t20,1,1,0,0
P021,RUS-T-01,RUS-T,,token,s90t21,1,1,0,0
P021,RUS-T-01,RUS-T,,token,s91t0,1,1,0,0
P021,RUS-T-01,RUS-T,,token,s91t1,1,1,0,0
P021,RUS-T-01,RUS-T,,token,s91t2,1,1,0,0
P021,RUS-T-01,RUS-T,,token,s91t3,1,1,0,0
P021,RUS-T-01,RUS-T,,token,s92t0,1,1,0,0
P021,RUS-T-01,RUS-T,,token,s92t1,1,1,0,0
P021,RUS-T-01,RUS-T,,token,s92t2,1,1,0,0
P021,RUS-T-01,RUS-T,,token,s92t3,1,1,0,0
P021,RUS-T-01,RUS-T,,token,s92t4,1,1,0,0
P021,RUS-T-01,RUS-T,,token,s92t5,1,1,0,0
P021,RUS-T-01,RUS-T,,token,s92t6,1,1,0,0
P021,RUS-T-01,RUS-T,,token,s92t7,1,1,0,0
P021,RUS-T-01,RUS-T,,token,s92t8,1,1,0,0
P021,RUS-T-01,RUS-T,,token,s92t9,1,1,0,0
P021,RUS-T-01,RUS-T,,token,s92t10,1,1,0,0
P021,RUS-T-01,RUS-T,,token,s92t11,1,1,0,0
P021,RUS-T-01,RUS-T,,token,s92t12,1,1,0,0
P021,RUS-T-01,RUS-T,,token,s93t0,1,1,0,0
P021,RUS-T-01,RUS-T,,token,s93t1,1,1,0,0
P021,RUS-T-01,RUS-T,,token,s93t2,1,1,0,0
P021,RUS-T-01,RUS-T,,token,s93t3,1,1,0,0
P021,RUS-T-01,RUS-T,,token,s93t4,1,1,0,0
P021,RUS-T-01,RUS-T,,token,s93t5,1,1,0,0
P021,RUS-T-01,RUS-T,,token,s93t6,1,1,0,0
P021,RUS-T-01,RUS-T,,token,s93t7,1,1,0,0
P021,RUS-T-01,RUS-T,,token,s93t8,1,1,0,0
P021,RUS-T-01,RUS-T,,token,s93t9,1,1,0,0
P021,RUS-T-01,RUS-T,,token,s94t0,1,1,0,0
P021,RUS-T-01,RUS-T,,token,s94t1,1,1,0,0
P021,RUS-T-01,RUS-T,,token,s94t2,1,1,0,0
P021,RUS-T-01,RUS-T,,token,s94t3,1,1,0,0
P021,RUS-T-01,RUS-T,,token,s94t4,1,1,0,0
P021,RUS-T-01,RUS-T,,token,s94t5,1,1,0,0
P021,RUS-T-01,RUS-T,,token,s94t6,1,1,0,0
P021,RUS-T-01,RUS-T,,token,s94t7,1,1,0,0
P021,RUS-T-01,RUS-T,,token,s94t8,1,1,0,0
P022,RUS-T-02,RUS-T,,token,s45t0,1,1,0,0
P022,RUS-T-02,RUS-T,,token,s45t1,1,1,0,0
P022,RUS-T-02,RUS-T,,token,s45t2,1,1,0,0
P022,RUS-T-02,RUS-T,,token,s46t0,1,1,0,0
P022,RUS-T-02,RUS-T,,token,s46t1,1,1,0,0
P022,RUS-T-02,RUS-T,,token,s47t0,1,1,0,0
P022,RUS-T-02,RUS-T,,token,s47t1,1,1,0,0
P022,RUS-T-02,RUS-T,,token,s47t2,1,1,0,0
P022,RUS-T-02,RUS-T,,token,s47t3,1,1,0,0
P022,RUS-T-02,RUS-T,,token,s48t0,1,1,0,0
P022,RUS-T-02,RUS-T,,token,s48t1,1,1,0,0
P022,RUS-T-02,RUS-T,,token,s48t2,1,1,0,0
P022,RUS-T-02,RUS-T,,token,s48t3,1,1,0,0
P022,RUS-T-02,RUS-T,,token,s48t4,1,1,0,0
P022,RUS-T-02,RUS-T,,token,s48t5,1,1,0,0
P022,RUS-T-02,RUS-T,,token,s48t6,1,1,0,0
P022,RUS-T-02,RUS-T,,token,s48t7,1,1,0,0
P022,RUS-T-02,RUS-T,,token,s48t8,1,1,0,0
P022,RUS-T-02,RUS-T,,token,s48t9,1,1,0,0
P022,RUS-T-02,RUS-T,,token,s48t10,1,1,0,0
P022,RUS-T-02,RUS-T,,token,s49t0,1,1,0,0
P022,RUS-T-02,RUS-T,,token,s49t1,1,1,0,0
P022,RUS-T-02,RUS-T,,token,s49t2,1,1,0,0
P022,RUS-T-02,RUS-T,,token,s49t3,1,1,0,0
P022,RUS-T-02,RUS-T,,token,s49t4,1,1,0,0
P022,RUS-T-02,RUS-T,,token,s49t5,1,1,0,0
P022,RUS-T-02,RUS-T,,token,s49t6,1,1,0,0
P023,RUS-T-03,RUS-T,,token,s37t0,1,1,0,0
P023,RUS-T-03,RUS-T,,token,s37t1,1,1,0,0
P023,RUS-T-03,RUS-T,,token,s37t2,1,1,0,0
P023,RUS-T-03,RUS-T,,token,s37t3,1,1,0,0
P023,RUS-T-03,RUS-T,,token,s37t4,1,1,0,0
P023,RUS-T-03,RUS-T,,token,s37t5,1,1,0,0
P023,RUS-T-03,RUS-T,,token,s37t6,1,1,0,0
P023,RUS-T-03,RUS-T,,token,s37t7,1,1,0,0
P023,RUS-T-03,RUS-T,,token,s37t8,1,1,0,0
P023,RUS-T-03,RUS-T,,token,s37t9,1,1,0,0
P023,RUS-T-03,RUS-T,,token,s37t10,1,1,0,0
P023,RUS-T-03,RUS-T,,token,s37t11,1,1,0,0
P023,RUS-T-03,RUS-T,,token,s37t12,1,1,0,0
P023,RUS-T-03,RUS-T,,token,s37t13,1,1,0,0
P023,RUS-T-03,RUS-T,,token,s37t14,1,1,0,0
P023,RUS-T-03,RUS-T,,token,s37t15,1,1,0,0
P023,RUS-T-03,RUS-T,,token,s37t16,1,1,0,0
P023,RUS-T-03,RUS-T,,token,s37t17,1,1,0,0
P023,RUS-T-03,RUS-T,,token,s37t18,1,1,0,0
P023,RUS-T-03,RUS-T,,token,s37t19,1,1,0,0
P023,RUS-T-03,RUS-T,,token,s37t20,1,1,0,0
P023,RUS-T-03,RUS-T,,token,s37t21,1,1,0,0
P023,RUS-T-03,RUS-T,,token,s38t0,1,1,0,0
P023,RUS-T-03,RUS-T,,token,s38t1,1,1,0,0
P023,RUS-T-03,RUS-T,,token,s38t2,1,1,0,0
P023,RUS-T-03,RUS-T,,token,s38t3,1,1,0,0
P023,RUS-T-03,RUS-T,,token,s38t4,1,1,0,0
P023,RUS-T-03,RUS-T,,token,s38t5,1,1,0,0
P023,RUS-T-03,RUS-T,,token,s38t6,1,1,0,0
P023,RUS-T-03,RUS-T,,token,s38t7,1,1,0,0
P023,RUS-T-03,RUS-T,,token,s38t8,1,1,0,0
P023,RUS-T-03,RUS-T,,token,s39t0,1,1,0,0
P023,RUS-T-03,RUS-T,,token,s39t1,1,1,0,0
P023,RUS-T-03,RUS-T,,token,s39t2,1,1,0,0
P023,RUS-T-03,RUS-T,,token,s39t3,1,1,0,0
P023,RUS-T-03,RUS-T,,token,s39t4,1,1,0,0
P023,RUS-T-03,RUS-T,,token,s39t5,1,1,0,0
P023,RUS-T-03,RUS-T,,token,s40t0,1,1,0,0
P023,RUS-T-03,RUS-T,,token,s40t1,1,1,0,0
P023,RUS-T-03,RUS-T,,token,s40t2,1,1,0,0
P023,RUS-T-03,RUS-T,,token,s40t3,1,1,0,0
P023,RUS-T-03,RUS-T,,token,s40t4,1,1,0,0
P023,RUS-T-03,RUS-T,,token,s40t5,1,1,0,0
P023,RUS-T-03,RUS-T,,token,s40t6,1,1,0,0
P023,RUS-T-03,RUS-T,,token,s41t0,1,1,0,0
P023,RUS-T-03,RUS-T,,token,s41t1,1,1,0,0
P023,RUS-T-03,RUS-T,,token,s41t2,1,1,0,0
P023,RUS-T-03,RUS-T,,token,s41t3,1,1,0,0
P023,RUS-T-03,RUS-T,,token,s41t4,1,1,0,0
P023,RUS-T-03,RUS-T,,token,s41t5,1,1,0,0
P023,RUS-T-03,RUS-T,,token,s41t6,1,1,0,0
P023,RUS-T-03,RUS-T,,token,s41t7,1,1,0,0
P023,RUS-T-03,RUS-T,,token,s41t8,1,1,0,0
P023,RUS-T-03,RUS-T,,token,s41t9,1,1,0,0
P023,RUS-T-03,RUS-T,,token,s41t10,1,1,0,0
P024,RUS-T-05,RUS-T,,token,s153t0,1,1,0,0
P024,RUS-T-05,RUS-T,,token,s153t1,1,1,0,0
P024,RUS-T-05,RUS-T,,token,s153t2,1,1,0,0
P024,RUS-T-05,RUS-T,,token,s153t3,1,1,0,0
P024,RUS-T-05,RUS-T,,token,s153t4,1,1,0,0
P024,RUS-T-05,RUS-T,,token,s153t5,1,1,0,0
P024,RUS-T-05,RUS-T,,token,s153t6,1,1,0,0
P024,RUS-T-05,RUS-T,,token,s154t0,1,1,0,0
P024,RUS-T-05,RUS-T,,token,s154t1,1,1,0,0
P024,RUS-T-05,RUS-T,,token,s154t2,1,1,0,0
P024,RUS-T-05,RUS-T,,token,s154t3,1,1,0,0
P024,RUS-T-05,RUS-T,,token,s154t4,1,1,0,0
P024,RUS-T-05,RUS-T,,token,s154t5,1,1,0,0
P024,RUS-T-05,RUS-T,,token,s154t6,1,1,0,0
P024,RUS-T-05,RUS-T,,token,s154t7,1,1,0,0
P024,RUS-T-05,RUS-T,,token,s154t8,1,1,0,0
P024,RUS-T-05,RUS-T,,token,s154t9,1,1,0,0
P024,RUS-T-05,RUS-T,,token,s154t10,1,1,0,0
P024,RUS-T-05,RUS-T,,token,s154t11,1,1,0,0
P024,RUS-T-05,RUS-T,,token,s154t12,1,1,0,0
P024,RUS-T-05,RUS-T,,token,s154t13,1,1,0,0
P024,RUS-T-05,RUS-T,,token,s154t14,1,1,0,0
P024,RUS-T-05,RUS-T,,token,s154t15,1,1,0,0
P024,RUS-T-05,RUS-T,,token,s154t16,1,1,0,0
P024,RUS-T-05,RUS-T,,token,s154t17,1,1,0,0
P024,RUS-T-05,RUS-T,,token,s155t0,1,1,0,0
P024,RUS-T-05,RUS-T,,token,s155t1,1,1,0,0
P024,RUS-T-05,RUS-T,,token,s155t2,1,1,0,0
P024,RUS-T-05,RUS-T,,token,s155t3,1,1,0,0
P024,RUS-T-05,RUS-T,,token,s155t4,1,1,0,0
P024,RUS-T-05,RUS-T,,token,s155t5,1,1,0,0
P024,RUS-T-05,RUS-T,,token,s155t6,1,1,0,0
P024,RUS-T-05,RUS-T,,token,s155t7,1,1,0,0
P024,RUS-T-05,RUS-T,,token,s155t8,1,1,0,0
P024,RUS-T-05,RUS-T,,token,s155t9,1,1,0,0
P024,RUS-T-05,RUS-T,,token,s155t10,1,1,0,0
P024,RUS-T-05,RUS-T,,token,s155t11,1,1,0,0
P024,RUS-T-05,RUS-T,,token,s155t12,1,1,0,0
P024,RUS-T-05,RUS-T,,token,s155t13,1,1,0,0
P024,RUS-T-05,RUS-T,,token,s155t14,1,1,0,0
P024,RUS-T-05,RUS-T,,token,s155t15,1,1,0,0
P024,RUS-T-05,RUS-T,,token,s155t16,1,1,0,0
P024,RUS-T-05,RUS-T,,token,s155t17,1,1,0,0
P024,RUS-T-05,RUS-T,,token,s156t0,1,1,0,0
P024,RUS-T-05,RUS-T,,token,s156t1,1,1,0,0
P024,RUS-T-05,RUS-T,,token,s156t2,1,1,0,0
P024,RUS-T-05,RUS-T,,token,s156t3,1,1,0,0
P024,RUS-T-05,RUS-T,,token,s156t4,1,1,0,0
P024,RUS-T-05,RUS-T,,token,s156t5,1,1,0,0
P024,RUS-T-05,RUS-T,,token,s156t6,1,1,0,0
P024,RUS-T-05,RUS-T,,token,s156t7,1,1,0,0
P024,RUS-T-05,RUS-T,,token,s156t8,1,1,0,0
P024,RUS-T-05,RUS-T,,token,s156t9,1,1,0,0
P024,RUS-T-05,RUS-T,,token,s156t10,1,1,0,0
P024,RUS-T-05,RUS-T,,token,s156t11,1,1,0,0
P024,RUS-T-05,RUS-T,,token,s157t0,1,1,0,0
P024,RUS-T-05,RUS-T,,token,s157t1,1,1,0,0
P024,RUS-T-05,RUS-T,,token,s157t2,1,1,0,0
P024,RUS-T-05,RUS-T,,token,s157t3,1,1,0,0
P024,RUS-T-05,RUS-T,,token,s157t4,1,1,0,0
P024,RUS-T-05,RUS-T,,token,s157t5,1,1,0,0
P024,RUS-T-05,RUS-T,,token,s157t6,1,1,0,0
P024,RUS-T-05,RUS-T,,token,s157t7,1,1,0,0
P024,RUS-T-05,RUS-T,,token,s157t8,1,1,0,0
P025,RUS-T-06,RUS-T,,token,s14t0,1,1,0,0
P025,RUS-T-06,RUS-T,,token,s14t1,1,1,0,0
P025,RUS-T-06,RUS-T,,token,s14t2,1,1,0,0
P025,RUS-T-06,RUS-T,,token,s14t3,1,1,0,0
P025,RUS-T-06,RUS-T,,token,s14t4,1,1,0,0
P025,RUS-T-06,RUS-T,,token,s14t5,1,1,0,0
P025,RUS-T-06,RUS-T,,token,s14t6,1,1,0,0
P025,RUS-T-06,RUS-T,,token,s14t7,1,1,0,0
P025,RUS-T-06,RUS-T,,token,s14t8,1,1,0,0
P025,RUS-T-06,RUS-T,,token,s14t9,1,1,0,0
P025,RUS-T-06,RUS-T,,token,s14t10,1,1,0,0
P025,RUS-T-06,RUS-T,,token,s14t11,1,1,0,0
P025,RUS-T-06,RUS-T,,token,s14t12,1,1,0,0
P025,RUS-T-06,RUS-T,,token,s14t13,1,1,0,0
P025,RUS-T-06,RUS-T,,token,s14t14,1,1,0,0
P025,RUS-T-06,RUS-T,,token,s14t15,1,1,0,0
P025,RUS-T-06,RUS-T,,token,s15t0,1,1,0,0
P025,RUS-T-06,RUS-T,,token,s15t1,1,1,0,0
P025,RUS-T-06,RUS-T,,token,s15t2,1,1,0,0
P025,RUS-T-06,RUS-T,,token,s15t3,1,1,0,0
P025,RUS-T-06,RUS-T,,token,s15t4,1,1,0,0
P025,RUS-T-06,RUS-T,,token,s15t5,1,1,0,0
P025,RUS-T-06,RUS-T,,token,s15t6,1,1,0,0
P025,RUS-T-06,RUS-T,,token,s15t7,1,1,0,0
P025,RUS-T-06,RUS-T,,token,s15t8,1,1,0,0
P025,RUS-T-06,RUS-T,,token,s15t9,1,1,0,0
P025,RUS-T-06,RUS-T,,token,s15t10,1,1,0,0
P025,RUS-T-06,RUS-T,,token,s16t0,1,1,0,0
P025,RUS-T-06,RUS-T,,token,s16t1,1,1,0,0
P025,RUS-T-06,RUS-T,,token,s16t2,1,1,0,0
P025,RUS-T-06,RUS-T,,token,s16t3,1,1,0,0
P025,RUS-T-06,RUS-T,,token,s16t4,1,1,0,0
P025,RUS-T-06,RUS-T,,token,s16t5,1,1,0,0
P025,RUS-T-06,RUS-T,,token,s16t6,1,1,0,0
P025,RUS-T-06,RUS-T,,token,s16t7,1,1,0,0
P025,RUS-T-06,RUS-T,,token,s16t8,1,1,0,0
P025,RUS-T-06,RUS-T,,token,s16t9,1,1,0,0
P025,RUS-T-06,RUS-T,,token,s17t0,1,1,0,0
P025,RUS-T-06,RUS-T,,token,s17t1,1,1,0,0
P025,RUS-T-06,RUS-T,,token,s17t2,1,1,0,0
P025,RUS-T-06,RUS-T,,token,s17t3,1,1,0,0
P025,RUS-T-06,RUS-T,,token,s17t4,1,1,0,0
P025,RUS-T-06,RUS-T,,token,s17t5,1,1,0,0
P025,RUS-T-06,RUS-T,,token,s17t6,1,1,0,0
P025,RUS-T-06,RUS-T,,token,s17t7,1,1,0,0
P025,RUS-T-06,RUS-T,,token,s17t8,1,1,0,0
P025,RUS-T-06,RUS-T,,token,s18t0,1,1,0,0
P025,RUS-T-06,RUS-T,,token,s18t1,1,1,0,0
P025,RUS-T-06,RUS-T,,token,s18t2,1,1,0,0
P025,RUS-T-06,RUS-T,,token,s18t3,1,1,0,0
P025,RUS-T-06,RUS-T,,token,s18t4,1,1,0,0
P025,RUS-T-06,RUS-T,,token,s18t5,1,1,0,0
P025,RUS-T-06,RUS-T,,token,s18t6,1,1,0,0
P025,RUS-T-06,RUS-T,,token,s18t7,1,1,0,0
P025,RUS-T-06,RUS-T,,token,s18t8,1,1,0,0
P025,RUS-T-06,RUS-T,,token,s18t9,1,1,0,0
P025,RUS-T-06,RUS-T,,token,s18t10,1,1,0,0
P026,RUS-T-08,RUS-T,,token,s67t0,1,1,0,0
P026,RUS-T-08,RUS-T,,token,s67t1,1,1,0,0
P026,RUS-T-08,RUS-T,,token,s67t2,1,1,0,0
P026,RUS-T-08,RUS-T,,token,s67t3,1,1,0,0
P026,RUS-T-08,RUS-T,,token,s67t4,1,1,0,0
P026,RUS-T-08,RUS-T,,token,s67t5,1,1,0,0
P026,RUS-T-08,RUS-T,,token,s67t6,1,1,0,0
P026,RUS-T-08,RUS-T,,token,s67t7,1,1,0,0
P026,RUS-T-08,RUS-T,,token,s67t8,1,1,0,0
P026,RUS-T-08,RUS-T,,token,s67t9,1,1,0,0
P026,RUS-T-08,RUS-T,,token,s68t0,1,1,0,0
P026,RUS-T-08,RUS-T,,token,s68t1,1,1,0,0
P026,RUS-T-08,RUS-T,,token,s68t2,1,1,0,0
P026,RUS-T-08,RUS-T,,token,s68t3,1,1,0,0
P026,RUS-T-08,RUS-T,,token,s68t4,1,1,0,0
P026,RUS-T-08,RUS-T,,token,s68t5,1,1,0,0
P026,RUS-T-08,RUS-T,,token,s68t6,1,1,0,0
P026,RUS-T-08,RUS-T,,token,s68t7,1,1,0,0
P026,RUS-T-08,RUS-T,,token,s68t8,1,1,0,0
P026,RUS-T-08,RUS-T,,token,s68t9,1,1,0,0
P026,RUS-T-08,RUS-T,,token,s68t10,1,1,0,0
P026,RUS-T-08,RUS-T,,token,s68t11,1,1,0,0
P026,RUS-T-08,RUS-T,,token,s68t12,1,1,0,0
P026,RUS-T-08,RUS-T,,token,s69t0,1,1,0,0
P026,RUS-T-08,RUS-T,,token,s69t1,1,1,0,0
P026,RUS-T-08,RUS-T,,token,s69t2,1,1,0,0
P026,RUS-T-08,RUS-T,,token,s69t3,1,1,0,0
P026,RUS-T-08,RUS-T,,token,s69t4,1,1,0,0
P026,RUS-T-08,RUS-T,,token,s70t0,1,1,0,0
P026,RUS-T-08,RUS-T,,token,s70t1,1,1,0,0
P026,RUS-T-08,RUS-T,,token,s70t2,1,1,0,0
P026,RUS-T-08,RUS-T,,token,s70t3,1,1,0,0
P026,RUS-T-08,RUS-T,,token,s70t4,1,1,0,0
P026,RUS-T-08,RUS-T,,token,s70t5,1,1,0,0
P026,RUS-T-08,RUS-T,,token,s70t6,1,1,0,0
P026,RUS-T-08,RUS-T,,token,s70t7,1,1,0,0
P026,RUS-T-08,RUS-T,,token,s70t8,1,1,0,0
P026,RUS-T-08,RUS-T,,token,s70t9,1,1,0,0
P026,RUS-T-08,RUS-T,,token,s70t10,1,1,0,0
P026,RUS-T-08,RUS-T,,token,s70t11,1,1,0,0
P026,RUS-T-08,RUS-T,,token,s70t12,1,1,0,0
P026,RUS-T-08,RUS-T,,token,s70t13,1,1,0,0
P026,RUS-T-08,RUS-T,,token,s70t14,1,1,0,0
P026,RUS-T-08,RUS-T,,token,s70t15,1,1,0,0
P026,RUS-T-08,RUS-T,,token,s71t0,1,1,0,0
P026,RUS-T-08,RUS-T,,token,s71t1,1,1,0,0
P026,RUS-T-08,RUS-T,,token,s71t2,1,1,0,0
P026,RUS-T-08,RUS-T,,token,s71t3,1,1,0,0
P026,RUS-T-08,RUS-T,,token,s71t4,1,1,0,0
P026,RUS-T-08,RUS-T,,token,s71t5,1,1,0,0
P026,RUS-T-08,RUS-T,,token,s71t6,1,1,0,0
P026,RUS-T-08,RUS-T,,token,s71t7,1,1,0,0
P026,RUS-T-08,RUS-T,,token,s71t8,1,1,0,0
P026,RUS-T-08,RUS-T,,token,s71t9,1,1,0,0
P026,RUS-T-08,RUS-T,,token,s71t10,1,1,0,0
P027,RUS-T-09,RUS-T,,token,s30t0,1,1,0,0
P027,RUS-T-09,RUS-T,,token,s30t1,1,1,0,0
P027,RUS-T-09,RUS-T,,token,s30t2,1,1,0,0
P027,RUS-T-09,RUS-T,,token,s30t3,1,1,0,0
P027,RUS-T-09,RUS-T,,token,s31t0,1,1,0,0
P027,RUS-T-09,RUS-T,,token,s31t1,1,1,0,0
P027,RUS-T-09,RUS-T,,token,s31t2,1,1,0,0
P027,RUS-T-09,RUS-T,,token,s31t3,1,1,0,0
P027,RUS-T-09,RUS-T,,token,s31t4,1,1,0,0
P027,RUS-T-09,RUS-T,,token,s31t5,1,1,0,0
P027,RUS-T-09,RUS-T,,token,s31t6,1,1,0,0
P027,RUS-T-09,RUS-T,,token,s31t7,1,1,0,0
P027,RUS-T-09,RUS-T,,token,s31t8,1,1,0,0
P027,RUS-T-09,RUS-T,,token,s32t0,1,1,0,0
P027,RUS-T-09,RUS-T,,token,s32t1,1,1,0,0
P027,RUS-T-09,RUS-T,,token,s32t2,1,1,0,0
P027,RUS-T-09,RUS-T,,token,s32t3,1,1,0,0
P027,RUS-T-09,RUS-T,,token,s32t4,1,1,0,0
P027,RUS-T-09,RUS-T,,token,s32t5,1,1,0,0
P027,RUS-T-09,RUS-T,,token,s32t6,1,1,0,0
P027,RUS-T-09,RUS-T,,token,s32t7,1,1,0,0
P027,RUS-T-09,RUS-T,,token,s32t8,1,1,0,0
P027,RUS-T-09,RUS-T,,token,s32t9,1,1,0,0
P027,RUS-T-09,RUS-T,,token,s33t0,1,1,0,0
P027,RUS-T-09,RUS-T,,token,s33t1,1,1,0,0
P027,RUS-T-09,RUS-T,,token,s33t2,1,1,0,0
P027,RUS-T-09,RUS-T,,token,s33t3,1,1,0,0
P027,RUS-T-09,RUS-T,,token,s33t4,1,1,0,0
P027,RUS-T-09,RUS-T,,token,s33t5,1,1,0,0
P027,RUS-T-09,RUS-T,,token,s34t0,1,1,0,0
P027,RUS-T-09,RUS-T,,token,s34t1,1,1,0,0
P027,RUS-T-09,RUS-T,,token,s34t2,1,1,0,0
P027,RUS-T-09,RUS-T,,token,s34t3,1,1,0,0
P027,RUS-T-09,RUS-T,,token,s34t4,1,1,0,0
P027,RUS-T-09,RUS-T,,token,s34t5,1,1,0,0
P027,RUS-T-09,RUS-T,,token,s34t6,1,1,0,0
P027,RUS-T-09,RUS-T,,token,s34t7,1,1,0,0
P027,RUS-T-09,RUS-T,,token,s34t8,1,1,0,0
P027,RUS-T-09,RUS-T,,token,s34t9,1,1,0,0
P027,RUS-T-09,RUS-T,,token,s34t10,1,1,0,0
P027,RUS-T-09,RUS-T,,token,s34t11,1,1,0,0
P027,RUS-T-09,RUS-T,,token,s34t12,1,1,0,0
P028,RUS-T-11,RUS-T,,token,s70t0,1,1,0,0
P028,RUS-T-11,RUS-T,,token,s70t1,1,1,0,0
P028,RUS-T-11,RUS-T,,token,s70t2,1,1,0,0
P028,RUS-T-11,RUS-T,,token,s70t3,1,1,0,0
P028,RUS-T-11,RUS-T,,token,s70t4,1,1,0,0
P028,RUS-T-11,RUS-T,,token,s70t5,1,1,0,0
P028,RUS-T-11,RUS-T,,token,s70t6,1,1,0,0
P028,RUS-T-11,RUS-T,,token,s70t7,1,1,0,0
P028,RUS-T-11,RUS-T,,token,s70t8,1,1,0,0
P028,RUS-T-11,RUS-T,,token,s70t9,1,1,0,0
P028,RUS-T-11,RUS-T,,token,s71t0,1,1,0,0
P028,RUS-T-11,RUS-T,,token,s71t1,1,1,0,0
P028,RUS-T-11,RUS-T,,token,s71t2,1,1,0,0
P028,RUS-T-11,RUS-T,,token,s71t3,1,1,0,0
P028,RUS-T-11,RUS-T,,token,s71t4,1,1,0,0
P028,RUS-T-11,RUS-T,,token,s72t0,1,1,0,0
P028,RUS-T-11,RUS-T,,token,s72t1,1,1,0,0
P028,RUS-T-11,RUS-T,,token,s72t2,1,1,0,0
P028,RUS-T-11,RUS-T,,token,s72t3,1,1,0,0
P028,RUS-T-11,RUS-T,,token,s72t4,1,1,0,0
P028,RUS-T-11,RUS-T,,token,s73t0,1,1,0,0
P028,RUS-T-11,RUS-T,,token,s73t1,1,1,0,0
P028,RUS-T-11,RUS-T,,token,s73t2,1,1,0,0
P028,RUS-T-11,RUS-T,,token,s73t3,1,1,0,0
P028,RUS-T-11,RUS-T,,token,s73t4,1,1,0,0
P028,RUS-T-11,RUS-T,,token,s73t5,1,1,0,0
P028,RUS-T-11,RUS-T,,token,s73t6,1,1,0,0
P028,RUS-T-11,RUS-T,,token,s73t7,1,1,0,0
P028,RUS-T-11,RUS-T,,token,s73t8,1,1,0,0
P028,RUS-T-11,RUS-T,,token,s74t0,1,1,0,0
P028,RUS-T-11,RUS-T,,token,s74t1,1,1,0,0
P028,RUS-T-11,RUS-T,,token,s74t2,1,1,0,0
P028,RUS-T-11,RUS-T,,token,s74t3,1,1,0,0
P028,RUS-T-11,RUS-T,,token,s74t4,1,1,0,0
P029,RUS-T-12,RUS-T,,token,s17t0,1,1,0,0
P029,RUS-T-12,RUS-T,,token,s17t1,1,1,0,0
P029,RUS-T-12,RUS-T,,token,s17t2,1,1,0,0
P029,RUS-T-12,RUS-T,,token,s17t3,1,1,0,0
P029,RUS-T-12,RUS-T,,token,s17t4,1,1,0,0
P029,RUS-T-12,RUS-T,,token,s17t5,1,1,0,0
P029,RUS-T-12,RUS-T,,token,s17t6,1,1,0,0
P029,RUS-T-12,RUS-T,,token,s17t7,1,1,0,0
P029,RUS-T-12,RUS-T,,token,s18t0,1,1,0,0
P029,RUS-T-12,RUS-T,,token,s18t1,1,1,0,0
P029,RUS-T-12,RUS-T,,token,s18t2,1,1,0,0
P029,RUS-T-12,RUS-T,,token,s18t3,1,1,0,0
P029,RUS-T-12,RUS-T,,token,s18t4,1,1,0,0
P029,RUS-T-12,RUS-T,,token,s18t5,1,1,0,0
P029,RUS-T-12,RUS-T,,token,s18t6,1,1,0,0
P029,RUS-T-12,RUS-T,,token,s18t7,1,1,0,0
P029,RUS-T-12,RUS-T,,token,s18t8,1,1,0,0
P029,RUS-T-12,RUS-T,,token,s18t9,1,1,0,0
P029,RUS-T-12,RUS-T,,token,s18t10,1,1,0,0
P029,RUS-T-12,RUS-T,,token,s18t11,1,1,0,0
P029,RUS-T-12,RUS-T,,token,s18t12,1,1,0,0
P029,RUS-T-12,RUS-T,,token,s18t13,1,1,0,0
P029,RUS-T-12,RUS-T,,token,s18t14,1,1,0,0
P029,RUS-T-12,RUS-T,,token,s19t0,1,1,0,0
P029,RUS-T-12,RUS-T,,token,s19t1,1,1,0,0
P029,RUS-T-12,RUS-T,,token,s19t2,1,1,0,0
P029,RUS-T-12,RUS-T,,token,s19t3,1,1,0,0
P029,RUS-T-12,RUS-T,,token,s20t0,1,1,0,0
P029,RUS-T-12,RUS-T,,token,s20t1,1,1,0,0
P029,RUS-T-12,RUS-T,,token,s20t2,1,1,0,0
P029,RUS-T-12,RUS-T,,token,s20t3,1,1,0,0
P029,RUS-T-12,RUS-T,,token,s20t4,1,1,0,0
P029,RUS-T-12,RUS-T,,token,s20t5,1,1,0,0
P029,RUS-T-12,RUS-T,,token,s20t6,1,1,0,0
P029,RUS-T-12,RUS-T,,token,s21t0,1,1,0,0
P029,RUS-T-12,RUS-T,,token,s21t1,1,1,0,0
P029,RUS-T-12,RUS-T,,token,s21t2,1,1,0,0
P029,RUS-T-12,RUS-T,,token,s21t3,1,1,0,0
P029,RUS-T-12,RUS-T,,token,s21t4,1,1,0,0
P029,RUS-T-12,RUS-T,,token,s21t5,1,1,0,0
P029,RUS-T-12,RUS-T,,token,s21t6,1,1,0,0
P029,RUS-T-12,RUS-T,,token,s21t7,1,1,0,0
P029,RUS-T-12,RUS-T,,token,s21t8,1,1,0,0
P029,RUS-T-12,RUS-T,,token,s21t9,1,1,0,0
P029,RUS-T-12,RUS-T,,token,s21t10,1,1,0,0
P029,RUS-T-12,RUS-T,,token,s21t11,1,1,0,0
P029,RUS-T-12,RUS-T,,token,s21t12,1,1,0,0
P030,RUS-T-13,RUS-T,,token,s57t0,1,1,0,0
P030,RUS-T-13,RUS-T,,token,s57t1,1,1,0,0
P030,RUS-T-13,RUS-T,,token,s57t2,1,1,0,0
P030,RUS-T-13,RUS-T,,token,s57t3,1,1,0,0
P030,RUS-T-13,RUS-T,,token,s57t4,1,1,0,0
P030,RUS-T-13,RUS-T,,token,s57t5,1,1,0,0
P030,RUS-T-13,RUS-T,,token,s57t6,1,1,0,0
P030,RUS-T-13,RUS-T,,token,s57t7,1,1,0,0
P030,RUS-T-13,RUS-T,,token,s57t8,1,1,0,0
P030,RUS-T-13,RUS-T,,token,s57t9,1,1,0,0
P030,RUS-T-13,RUS-T,,token,s57t10,1,1,0,0
P030,RUS-T-13,RUS-T,,token,s57t11,1,1,0,0
P030,RUS-T-13,RUS-T,,token,s57t12,1,1,0,0
P030,RUS-T-13,RUS-T,,token,s57t13,1,1,0,0
P030,RUS-T-13,RUS-T,,token,s57t14,1,1,0,0
P030,RUS-T-13,RUS-T,,token,s57t15,1,1,0,0
P030,RUS-T-13,RUS-T,,token,s57t16,1,1,0,0
P030,RUS-T-13,RUS-T,,token,s57t17,1,1,0,0
P030,RUS-T-13,RUS-T,,token,s58t0,1,1,0,0
P030,RUS-T-13,RUS-T,,token,s58t1,1,1,0,0
P030,RUS-T-13,RUS-T,,token,s58t2,1,1,0,0
P030,RUS-T-13,RUS-T,,token,s58t3,1,1,0,0
P030,RUS-T-13,RUS-T,,token,s58t4,1,1,0,0
P030,RUS-T-13,RUS-T,,token,s58t5,1,1,0,0
P030,RUS-T-13,RUS-T,,token,s59t0,1,1,0,0
P030,RUS-T-13,RUS-T,,token,s59t1,1,1,0,0
P030,RUS-T-13,RUS-T,,token,s59t2,1,1,0,0
P030,RUS-T-13,RUS-T,,token,s59t3,1,1,0,0
P030,RUS-T-13,RUS-T,,token,s59t4,1,1,0,0
P030,RUS-T-13,RUS-T,,token,s59t5,1,1,0,0
P030,RUS-T-13,RUS-T,,token,s59t6,1,1,0,0
P030,RUS-T-13,RUS-T,,token,s59t7,1,1,0,0
P030,RUS-T-13,RUS-T,,token,s59t8,1,1,0,0
P030,RUS-T-13,RUS-T,,token,s59t9,1,1,0,0
P030,RUS-T-13,RUS-T,,token,s60t0,1,1,0,0
P030,RUS-T-13,RUS-T,,token,s60t1,1,1,0,0
P030,RUS-T-13,RUS-T,,token,s60t2,1,1,0,0
P030,RUS-T-13,RUS-T,,token,s60t3,1,1,0,0
P030,RUS-T-13,RUS-T,,token,s60t4,1,1,0,0
P030,RUS-T-13,RUS-T,,token,s60t5,1,1,0,0
P030,RUS-T-13,RUS-T,,token,s60t6,1,1,0,0
P030,RUS-T-13,RUS-T,,token,s61t0,1,1,0,0
P030,RUS-T-13,RUS-T,,token,s61t1,1,1,0,0
P030,RUS-T-13,RUS-T,,token,s61t2,1,1,0,0
P030,RUS-T-13,RUS-T,,token,s61t3,1,1,0,0
P030,RUS-T-13,RUS-T,,token,s61t4,1,1,0,0
P031,RUS-T-14,RUS-T,,token,s74t0,1,1,0,0
P031,RUS-T-14,RUS-T,,token,s74t1,1,1,0,0
P031,RUS-T-14,RUS-T,,token,s74t2,1,1,0,0
P031,RUS-T-14,RUS-T,,token,s74t3,1,1,0,0
P031,RUS-T-14,RUS-T,,token,s74t4,1,1,0,0
P031,RUS-T-14,RUS-T,,token,s74t5,1,1,0,0
P031,RUS-T-14,RUS-T,,token,s74t6,1,1,0,0
P031,RUS-T-14,RUS-T,,token,s74t7,1,1,0,0
P031,RUS-T-14,RUS-T,,token,s74t8,1,1,0,0
P031,RUS-T-14,RUS-T,,token,s75t0,1,1,0,0
P031,RUS-T-14,RUS-T,,token,s75t1,1,1,0,0
P031,RUS-T-14,RUS-T,,token,s75t2,1,1,0,0
P031,RUS-T-14,RUS-T,,token,s75t3,1,1,0,0
P031,RUS-T-14,RUS-T,,token,s75t4,1,1,0,0
P031,RUS-T-14,RUS-T,,token,s75t5,1,1,0,0
P031,RUS-T-14,RUS-T,,token,s75t6,1,1,0,0
P031,RUS-T-14,RUS-T,,token,s75t7,1,1,0,0
P031,RUS-T-14,RUS-T,,token,s75t8,1,1,0,0
P031,RUS-T-14,RUS-T,,token,s75t9,1,1,0,0
P031,RUS-T-14,RUS-T,,token,s76t0,1,1,0,0
P031,RUS-T-14,RUS-T,,token,s76t1,1,1,0,0
P031,RUS-T-14,RUS-T,,token,s76t2,1,1,0,0
P031,RUS-T-14,RUS-T,,token,s76t3,1,1,0,0
P031,RUS-T-14,RUS-T,,token,s76t4,1,1,0,0
P031,RUS-T-14,RUS-T,,token,s76t5,1,1,0,0
P031,RUS-T-14,RUS-T,,token,s76t6,1,1,0,0
P031,RUS-T-14,RUS-T,,token,s76t7,1,1,0,0
P031,RUS-T-14,RUS-T,,token,s76t8,1,1,0,0
P031,RUS-T-14,RUS-T,,token,s76t9,1,1,0,0
P031,RUS-T-14,RUS-T,,token,s76t10,1,1,0,0
P031,RUS-T-14,RUS-T,,token,s76t11,1,1,0,0
P031,RUS-T-14,RUS-T,,token,s76t12,1,1,0,0
P031,RUS-T-14,RUS-T,,token,s76t13,1,1,0,0
P031,RUS-T-14,RUS-T,,token,s76t14,1,1,0,0
P031,RUS-T-14,RUS-T,,token,s76t15,1,1,0,0
P031,RUS-T-14,RUS-T,,token,s76t16,1,1,0,0
P031,RUS-T-14,RUS-T,,token,s76t17,1,1,0,0
P031,RUS-T-14,RUS-T,,token,s76t18,1,1,0,0
P031,RUS-T-14,RUS-T,,token,s77t0,1,1,0,0
P031,RUS-T-14,RUS-T,,token,s77t1,1,1,0,0
P031,RUS-T-14,RUS-T,,token,s77t2,1,1,0,0
P031,RUS-T-14,RUS-T,,token,s77t3,1,1,0,0
P031,RUS-T-14,RUS-T,,token,s77t4,1,1,0,0
P031,RUS-T-14,RUS-T,,token,s77t5,1,1,0,0
P031,RUS-T-14,RUS-T,,token,s77t6,1,1,0,0
P031,RUS-T-14,RUS-T,,token,s77t7,1,1,0,0
P031,RUS-T-14,RUS-T,,token,s77t8,1,1,0,0
P031,RUS-T-14,RUS-T,,token,s78t0,1,1,0,0
P031,RUS-T-14,RUS-T,,token,s78t1,1,1,0,0
P031,RUS-T-14,RUS-T,,token,s78t2,1,1,0,0
P031,RUS-T-14,RUS-T,,token,s78t3,1,1,0,0
P031,RUS-T-14,RUS-T,,token,s78t4,1,1,0,0
P031,RUS-T-14,RUS-T,,token,s78t5,1,1,0,0
P031,RUS-T-14,RUS-T,,token,s78t6,1,1,0,0
P031,RUS-T-14,RUS-T,,token,s78t7,1,1,0,0
P031,RUS-T-14,RUS-T,,token,s78t8,1,1,0,0
P032,RUS-T-15,RUS-T,,token,s72t0,1,1,0,0
P032,RUS-T-15,RUS-T,,token,s72t1,1,1,0,0
P032,RUS-T-15,RUS-T,,token,s72t2,1,1,0,0
P032,RUS-T-15,RUS-T,,token,s72t3,1,1,0,0
P032,RUS-T-15,RUS-T,,token,s72t4,1,1,0,0
P032,RUS-T-15,RUS-T,,token,s72t5,1,1,0,0
P032,RUS-T-15,RUS-T,,token,s72t6,1,1,0,0
P032,RUS-T-15,RUS-T,,token,s73t0,1,1,0,0
P032,RUS-T-15,RUS-T,,token,s73t1,1,1,0,0
P032,RUS-T-15,RUS-T,,token,s73t2,1,1,0,0
P032,RUS-T-15,RUS-T,,token,s73t3,1,1,0,0
P032,RUS-T-15,RUS-T,,token,s73t4,1,1,0,0
P032,RUS-T-15,RUS-T,,token,s73t5,1,1,0,0
P032,RUS-T-15,RUS-T,,token,s73t6,1,1,0,0
P032,RUS-T-15,RUS-T,,token,s73t7,1,1,0,0
P032,RUS-T-15,RUS-T,,token,s73t8,1,1,0,0
P032,RUS-T-15,RUS-T,,token,s74t0,1,1,0,0
P032,RUS-T-15,RUS-T,,token,s74t1,0,1,0,0
P032,RUS-T-15,RUS-T,,token,s74t2,1,1,0,0
P032,RUS-T-15,RUS-T,,token,s75t0,1,1,0,0
P032,RUS-T-15,RUS-T,,token,s75t1,1,1,0,0
P032,RUS-T-15,RUS-T,,token,s75t2,1,1,0,0
P032,RUS-T-15,RUS-T,,token,s75t3,1,1,0,0
P032,RUS-T-15,RUS-T,,token,s75t4,1,1,0,0
P032,RUS-T-15,RUS-T,,token,s75t5,1,1,0,0
P032,RUS-T-15,RUS-T,,token,s75t6,1,1,0,0
P032,RUS-T-15,RUS-T,,token,s75t7,1,1,0,0
P032,RUS-T-15,RUS-T,,token,s75t8,1,1,0,0
P032,RUS-T-15,RUS-T,,token,s75t9,1,1,0,0
P032,RUS-T-15,RUS-T,,token,s75t10,1,1,0,0
P032,RUS-T-15,RUS-T,,token,s75t11,1,1,0,0
P032,RUS-T-15,RUS-T,,token,s76t0,1,1,0,0
P032,RUS-T-15,RUS-T,,token,s76t1,1,1,0,0
P032,RUS-T-15,RUS-T,,token,s76t2,1,1,0,0
P032,RUS-T-15,RUS-T,,token,s76t3,1,1,0,0
P032,RUS-T-15,RUS-T,,token,s76t4,1,1,0,0
P032,RUS-T-15,RUS-T,,token,s76t5,1,1,0,0
P033,RUS-T-16,RUS-T,,token,s73t0,1,1,0,0
P033,RUS-T-16,RUS-T,,token,s73t1,1,1,0,0
P033,RUS-T-16,RUS-T,,token,s73t2,1,1,0,0
P033,RUS-T-16,RUS-T,,token,s73t3,1,1,0,0
P033,RUS-T-16,RUS-T,,token,s73t4,1,1,0,0
P033,RUS-T-16,RUS-T,,token,s73t5,1,1,0,0
P033,RUS-T-16,RUS-T,,token,s73t6,1,1,0,0
P033,RUS-T-16,RUS-T,,token,s74t0,1,1,0,0
P033,RUS-T-16,RUS-T,,token,s74t1,1,1,0,0
P033,RUS-T-16,RUS-T,,token,s74t2,1,1,0,0
P033,RUS-T-16,RUS-T,,token,s74t3,1,1,0,0
P033,RUS-T-16,RUS-T,,token,s74t4,1,1,0,0
P033,RUS-T-16,RUS-T,,token,s74t5,1,1,0,0
P033,RUS-T-16,RUS-T,,token,s74t6,1,1,0,0
P033,RUS-T-16,RUS-T,,token,s74t7,1,1,0,0
P033,RUS-T-16,RUS-T,,token,s74t8,1,1,0,0
P033,RUS-T-16,RUS-T,,token,s74t9,1,1,0,0
P033,RUS-T-16,RUS-T,,token,s74t10,1,1,0,0
P033,RUS-T-16,RUS-T,,token,s74t11,1,1,0,0
P033,RUS-T-16,RUS-T,,token,s74t12,1,1,0,0
P033,RUS-T-16,RUS-T,,token,s75t0,1,1,0,0
P033,RUS-T-16,RUS-T,,token,s75t1,1,1,0,0
P033,RUS-T-16,RUS-T,,token,s75t2,1,1,0,0
P033,RUS-T-16,RUS-T,,token,s75t3,1,1,0,0
P033,RUS-T-16,RUS-T,,token,s75t4,1,1,0,0
P033,RUS-T-16,RUS-T,,token,s75t5,1,1,0,0
P033,RUS-T-16,RUS-T,,token,s75t6,1,1,0,0
P033,RUS-T-16,RUS-T,,token,s75t7,1,1,0,0
P033,RUS-T-16,RUS-T,,token,s75t8,1,1,0,0
P033,RUS-T-16,RUS-T,,token,s75t9,1,1,0,0
P033,RUS-T-16,RUS-T,,token,s75t10,1,1,0,0
P033,RUS-T-16,RUS-T,,token,s75t11,1,1,0,0
P033,RUS-T-16,RUS-T,,token,s75t12,1,1,0,0
P033,RUS-T-16,RUS-T,,token,s75t13,1,1,0,0
P033,RUS-T-16,RUS-T,,token,s75t14,1,1,0,0
P033,RUS-T-16,RUS-T,,token,s75t15,1,1,0,0
P033,RUS-T-16,RUS-T,,token,s75t16,1,1,0,0
P033,RUS-T-16,RUS-T,,token,s75t17,1,1,0,0
P033,RUS-T-16,RUS-T,,token,s76t0,1,1,0,0
P033,RUS-T-16,RUS-T,,token,s76t1,1,1,0,0
P033,RUS-T-16,RUS-T,,token,s76t2,1,1,0,0
P033,RUS-T-16,RUS-T,,token,s76t3,1,1,0,0
P033,RUS-T-16,RUS-T,,token,s76t4,1,1,0,0
P033,RUS-T-16,RUS-T,,token,s76t5,1,1,0,0
P033,RUS-T-16,RUS-T,,token,s76t6,1,1,0,0
P033,RUS-T-16,RUS-T,,token,s76t7,1,1,0,0
P033,RUS-T-16,RUS-T,,token,s76t8,1,1,0,0
P033,RUS-T-16,RUS-T,,token,s76t9,1,1,0,0
P033,RUS-T-16,RUS-T,,token,s76t10,1,1,0,0
P033,RUS-T-16,RUS-T,,token,s76t11,1,1,0,0
P033,RUS-T-16,RUS-T,,token,s76t12,1,1,0,0
P033,RUS-T-16,RUS-T,,token,s76t13,1,1,0,0
P033,RUS-T-16,RUS-T,,token,s76t14,1,1,0,0
P033,RUS-T-16,RUS-T,,token,s76t15,1,1,0,0
P033,RUS-T-16,RUS-T,,token,s76t16,1,1,0,0
P033,RUS-T-16,RUS-T,,token,s76t17,1,1,0,0
P033,RUS-T-16,RUS-T,,token,s76t18,1,1,0,0
P033,RUS-T-16,RUS-T,,token,s76t19,1,1,0,0
P033,RUS-T-16,RUS-T,,token,s76t20,1,1,0,0
P033,RUS-T-16,RUS-T,,token,s76t21,1,1,0,0
P033,RUS-T-16,RUS-T,,token,s76t22,1,1,0,0
P033,RUS-T-16,RUS-T,,token,s76t23,1,1,0,0
P033,RUS-T-16,RUS-T,,token,s76t24,1,1,0,0
P033,RUS-T-16,RUS-T,,token,s77t0,1,1,0,0
P033,RUS-T-16,RUS-T,,token,s77t1,1,1,0,0
P033,RUS-T-16,RUS-T,,token,s77t2,1,1,0,0
P033,RUS-T-16,RUS-T,,token,s77t3,1,1,0,0
P033,RUS-T-16,RUS-T,,token,s77t4,1,1,0,0
P033,RUS-T-16,RUS-T,,token,s77t5,1,1,0,0
P033,RUS-T-16,RUS-T,,token,s77t6,1,1,0,0
P033,RUS-T-16,RUS-T,,token,s77t7,1,1,0,0
P033,RUS-T-16,RUS-T,,token,s77t8,1,1,0,0
P033,RUS-T-16,RUS-T,,token,s77t9,1,1,0,0
P033,RUS-T-16,RUS-T,,token,s77t10,1,1,0,0
P033,RUS-T-16,RUS-T,,token,s77t11,1,1,0,0
P033,RUS-T-16,RUS-T,,token,s77t12,1,1,0,0
P033,RUS-T-16,RUS-T,,token,s77t13,1,1,0,0
P034,RUS-T-17,RUS-T,,token,s5t0,1,1,0,0
P034,RUS-T-17,RUS-T,,token,s5t1,1,1,0,0
P034,RUS-T-17,RUS-T,,token,s5t2,1,1,0,0
P034,RUS-T-17,RUS-T,,token,s5t3,1,1,0,0
P034,RUS-T-17,RUS-T,,token,s5t4,1,1,0,0
P034,RUS-T-17,RUS-T,,token,s5t5,1,1,0,0
P034,RUS-T-17,RUS-T,,token,s5t6,1,1,0,0
P034,RUS-T-17,RUS-T,,token,s5t7,1,1,0,0
P034,RUS-T-17,RUS-T,,token,s5t8,1,1,0,0
P034,RUS-T-17,RUS-T,,token,s5t9,1,1,0,0
P034,RUS-T-17,RUS-T,,token,s6t0,1,1,0,0
P034,RUS-T-17,RUS-T,,token,s6t1,1,1,0,0
P034,RUS-T-17,RUS-T,,token,s6t2,1,1,0,0
P034,RUS-T-17,RUS-T,,token,s6t3,1,1,0,0
P034,RUS-T-17,RUS-T,,token,s7t0,1,1,0,0
P034,RUS-T-17,RUS-T,,token,s7t1,1,1,0,0
P034,RUS-T-17,RUS-T,,token,s7t2,1,1,0,0
P034,RUS-T-17,RUS-T,,token,s8t0,1,1,0,0
P034,RUS-T-17,RUS-T,,token,s8t1,1,1,0,0
P034,RUS-T-17,RUS-T,,token,s8t2,1,1,0,0
P034,RUS-T-17,RUS-T,,token,s9t0,1,1,0,0
P034,RUS-T-17,RUS-T,,token,s9t1,1,1,0,0
P034,RUS-T-17,RUS-T,,token,s9t2,1,1,0,0
P035,RUS-T-19,RUS-T,,token,s55t0,1,1,0,0
P035,RUS-T-19,RUS-T,,token,s55t1,1,1,0,0
P035,RUS-T-19,RUS-T,,token,s55t2,1,1,0,0
P035,RUS-T-19,RUS-T,,token,s55t3,1,1,0,0
P035,RUS-T-19,RUS-T,,token,s55t4,1,1,0,0
P035,RUS-T-19,RUS-T,,token,s56t0,1,1,0,0
P035,RUS-T-19,RUS-T,,token,s56t1,1,1,0,0
P035,RUS-T-19,RUS-T,,token,s56t2,1,1,0,0
P035,RUS-T-19,RUS-T,,token,s56t3,1,1,0,0
P035,RUS-T-19,RUS-T,,token,s56t4,1,1,0,0
P035,RUS-T-19,RUS-T,,token,s56t5,1,1,0,0
P035,RUS-T-19,RUS-T,,token,s56t6,1,1,0,0
P035,RUS-T-19,RUS-T,,token,s56t7,1,1,0,0
P035,RUS-T-19,RUS-T,,token,s56t8,1,1,0,0
P035,RUS-T-19,RUS-T,,token,s56t9,1,1,0,0
P035,RUS-T-19,RUS-T,,token,s56t10,1,1,0,0
P035,RUS-T-19,RUS-T,,token,s56t11,1,1,0,0
P035,RUS-T-19,RUS-T,,token,s57t0,1,1,0,0
P035,RUS-T-19,RUS-T,,token,s57t1,1,1,0,0
P035,RUS-T-19,RUS-T,,token,s57t2,1,1,0,0
P035,RUS-T-19,RUS-T,,token,s57t3,1,1,0,0
P035,RUS-T-19,RUS-T,,token,s58t0,1,1,0,0
P035,RUS-T-19,RUS-T,,token,s58t1,1,1,0,0
P035,RUS-T-19,RUS-T,,token,s58t2,1,1,0,0
P035,RUS-T-19,RUS-T,,token,s58t3,1,1,0,0
P035,RUS-T-19,RUS-T,,token,s58t4,1,1,0,0
P035,RUS-T-19,RUS-T,,token,s58t5,1,1,0,0
P035,RUS-T-19,RUS-T,,token,s58t6,1,1,0,0
P035,RUS-T-19,RUS-T,,token,s58t7,1,1,0,0
P035,RUS-T-19,RUS-T,,token,s58t8,1,1,0,0
P035,RUS-T-19,RUS-T,,token,s58t9,1,1,0,0
P035,RUS-T-19,RUS-T,,token,s58t10,1,1,0,0
P035,RUS-T-19,RUS-T,,token,s58t11,1,1,0,0
P035,RUS-T-19,RUS-T,,token,s58t12,1,1,0,0
P035,RUS-T-19,RUS-T,,token,s58t13,1,1,0,0
P035,RUS-T-19,RUS-T,,token,s58t14,1,1,0,0
P035,RUS-T-19,RUS-T,,token,s58t15,1,1,0,0
P035,RUS-T-19,RUS-T,,token,s58t16,1,1,0,0
P035,RUS-T-19,RUS-T,,token,s58t17,1,1,0,0
P035,RUS-T-19,RUS-T,,token,s58t18,1,1,0,0
P035,RUS-T-19,RUS-T,,token,s59t0,1,1,0,0
P035,RUS-T-19,RUS-T,,token,s59t1,1,1,0,0
P035,RUS-T-19,RUS-T,,token,s59t2,1,1,0,0
P035,RUS-T-19,RUS-T,,token,s59t3,1,1,0,0
P035,RUS-T-19,RUS-T,,token,s59t4,1,1,0,0
P035,RUS-T-19,RUS-T,,token,s59t5,1,1,0,0
P035,RUS-T-19,RUS-T,,token,s59t6,1,1,0,0
P035,RUS-T-19,RUS-T,,token,s59t7,1,1,0,0
P035,RUS-T-19,RUS-T,,token,s59t8,1,1,0,0
P035,RUS-T-19,RUS-T,,token,s59t9,1,1,0,0
P035,RUS-T-19,RUS-T,,token,s59t10,1,1,0,0
P035,RUS-T-19,RUS-T,,token,s59t11,1,1,0,0
P035,RUS-T-19,RUS-T,,token,s59t12,1,1,0,0
P035,RUS-T-19,RUS-T,,token,s59t13,1,1,0,0
P035,RUS-T-19,RUS-T,,token,s59t14,1,1,0,0
P035,RUS-T-19,RUS-T,,token,s59t15,1,1,0,0
P035,RUS-T-19,RUS-T,,token,s59t16,1,1,0,0
P036,RUS-T-20,RUS-T,,token,s17t0,1,1,0,0
P036,RUS-T-20,RUS-T,,token,s17t1,1,1,0,0
P036,RUS-T-20,RUS-T,,token,s17t2,1,1,0,0
P036,RUS-T-20,RUS-T,,token,s17t3,1,1,0,0
P036,RUS-T-20,RUS-T,,token,s18t0,1,1,0,0
P036,RUS-T-20,RUS-T,,token,s18t1,1,1,0,0
P036,RUS-T-20,RUS-T,,token,s18t2,1,1,0,0
P036,RUS-T-20,RUS-T,,token,s18t3,1,1,0,0
P036,RUS-T-20,RUS-T,,token,s18t4,1,1,0,0
P036,RUS-T-20,RUS-T,,token,s18t5,0,1,0,0
P036,RUS-T-20,RUS-T,,token,s18t6,1,1,0,0
P036,RUS-T-20,RUS-T,,token,s18t7,1,1,0,0
P036,RUS-T-20,RUS-T,,token,s18t8,1,1,0,0
P036,RUS-T-20,RUS-T,,token,s18t9,1,1,0,0
P036,RUS-T-20,RUS-T,,token,s18t10,1,1,0,0
P036,RUS-T-20,RUS-T,,token,s18t11,1,1,0,0
P036,RUS-T-20,RUS-T,,token,s18t12,1,1,0,0
P036,RUS-T-20,RUS-T,,token,s18t13,1,1,0,0
P036,RUS-T-20,RUS-T,,token,s18t14,1,1,0,0
P036,RUS-T-20,RUS-T,,token,s18t15,1,1,0,0
P036,RUS-T-20,RUS-T,,token,s18t16,1,1,0,0
P036,RUS-T-20,RUS-T,,token,s18t17,1,1,0,0
P036,RUS-T-20,RUS-T,,token,s19t0,1,1,0,0
P036,RUS-T-20,RUS-T,,token,s19t1,1,1,0,0
P036,RUS-T-20,RUS-T,,token,s19t2,0,1,0,0
P036,RUS-T-20,RUS-T,,token,s19t3,1,1,0,0
P036,RUS-T-20,RUS-T,,token,s19t4,1,1,0,0
P036,RUS-T-20,RUS-T,,token,s19t5,1,1,0,0
P036,RUS-T-20,RUS-T,,token,s19t6,1,1,0,0
P036,RUS-T-20,RUS-T,,token,s19t7,1,1,0,0
P036,RUS-T-20,RUS-T,,token,s19t8,1,1,0,0
P036,RUS-T-20,RUS-T,,token,s19t9,1,1,0,0
P036,RUS-T-20,RUS-T,,token,s19t10,1,1,0,0
P036,RUS-T-20,RUS-T,,token,s20t0,1,1,0,0
P036,RUS-T-20,RUS-T,,token,s20t1,1,1,0,0
P036,RUS-T-20,RUS-T,,token,s20t2,1,1,0,0
P036,RUS-T-20,RUS-T,,token,s20t3,1,1,0,0
P036,RUS-T-20,RUS-T,,token,s20t4,1,1,0,0
P036,RUS-T-20,RUS-T,,token,s20t5,1,1,0,0
P036,RUS-T-20,RUS-T,,token,s20t6,1,1,0,0
P036,RUS-T-20,RUS-T,,token,s20t7,1,1,0,0
P036,RUS-T-20,RUS-T,,token,s20t8,1,1,0,0
P036,RUS-T-20,RUS-T,,token,s20t9,1,1,0,0
P036,RUS-T-20,RUS-T,,token,s21t0,1,1,0,0
P036,RUS-T-20,RUS-T,,token,s21t1,1,1,0,0
P036,RUS-T-20,RUS-T,,token,s21t2,1,1,0,0
P036,RUS-T-20,RUS-T,,token,s21t3,1,1,0,0
P036,RUS-T-20,RUS-T,,token,s21t4,1,1,0,0
P036,RUS-T-20,RUS-T,,token,s21t5,1,1,0,0
P036,RUS-T-20,RUS-T,,token,s21t6,1,1,0,0
P036,RUS-T-20,RUS-T,,token,s21t7,1,1,0,0
P036,RUS-T-20,RUS-T,,token,s21t8,1,1,0,0
P037,RUS-T-04,RUS-T,,token,s6t0,1,1,0,0
P037,RUS-T-04,RUS-T,,token,s6t1,1,1,0,0
P037,RUS-T-04,RUS-T,,token,s6t2,1,1,0,0
P037,RUS-T-04,RUS-T,,token,s6t3,1,1,0,0
P037,RUS-T-04,RUS-T,,token,s6t4,1,1,0,0
P037,RUS-T-04,RUS-T,,token,s6t5,1,1,0,0
P037,RUS-T-04,RUS-T,,token,s6t6,1,1,0,0
P037,RUS-T-04,RUS-T,,token,s6t7,1,1,0,0
P037,RUS-T-04,RUS-T,,token,s6t8,1,1,0,0
P037,RUS-T-04,RUS-T,,token,s6t9,1,1,0,0
P037,RUS-T-04,RUS-T,,token,s6t10,1,1,0,0
P037,RUS-T-04,RUS-T,,token,s6t11,1,1,0,0
P037,RUS-T-04,RUS-T,,token,s6t12,1,1,0,0
P037,RUS-T-04,RUS-T,,token,s6t13,1,1,0,0
P037,RUS-T-04,RUS-T,,token,s6t14,1,1,0,0
P037,RUS-T-04,RUS-T,,token,s6t15,1,1,0,0
P037,RUS-T-04,RUS-T,,token,s6t16,1,1,0,0
P037,RUS-T-04,RUS-T,,token,s6t17,1,1,0,0
P037,RUS-T-04,RUS-T,,token,s6t18,1,1,0,0
P037,RUS-T-04,RUS-T,,token,s6t19,1,1,0,0
P037,RUS-T-04,RUS-T,,token,s6t20,1,1,0,0
P037,RUS-T-04,RUS-T,,token,s6t21,1,1,0,0
P037,RUS-T-04,RUS-T,,token,s6t22,1,1,0,0
P037,RUS-T-04,RUS-T,,token,s6t23,1,1,0,0
P037,RUS-T-04,RUS-T,,token,s6t24,1,1,0,0
P037,RUS-T-04,RUS-T,,token,s6t25,1,1,0,0
P037,RUS-T-04,RUS-T,,token,s6t26,1,1,0,0
P037,RUS-T-04,RUS-T,,token,s7t0,1,1,0,0
P037,RUS-T-04,RUS-T,,token,s7t1,1,1,0,0
P037,RUS-T-04,RUS-T,,token,s7t2,1,1,0,0
P037,RUS-T-04,RUS-T,,token,s7t3,1,1,0,0
P037,RUS-T-04,RUS-T,,token,s7t4,1,1,0,0
P037,RUS-T-04,RUS-T,,token,s7t5,1,1,0,0
P037,RUS-T-04,RUS-T,,token,s7t6,1,1,0,0
P037,RUS-T-04,RUS-T,,token,s7t7,1,1,0,0
P037,RUS-T-04,RUS-T,,token,s7t8,1,1,0,0
P037,RUS-T-04,RUS-T,,token,s7t9,1,1,0,0
P037,RUS-T-04,RUS-T,,token,s7t10,1,1,0,0
P037,RUS-T-04,RUS-T,,token,s7t11,1,1,0,0
P037,RUS-T-04,RUS-T,,token,s7t12,1,1,0,0
P037,RUS-T-04,RUS-T,,token,s7t13,1,1,0,0
P037,RUS-T-04,RUS-T,,token,s8t0,1,1,0,0
P037,RUS-T-04,RUS-T,,token,s8t1,1,1,0,0
P037,RUS-T-04,RUS-T,,token,s8t2,1,1,0,0
P037,RUS-T-04,RUS-T,,token,s8t3,1,1,0,0
P037,RUS-T-04,RUS-T,,token,s8t4,1,1,0,0
P037,RUS-T-04,RUS-T,,token,s8t5,1,1,0,0
P037,RUS-T-04,RUS-T,,token,s9t0,1,1,0,0
P037,RUS-T-04,RUS-T,,token,s9t1,1,1,0,0
P037,RUS-T-04,RUS-T,,token,s9t2,1,1,0,0
P037,RUS-T-04,RUS-T,,token,s9t3,1,1,0,0
P037,RUS-T-04,RUS-T,,token,s9t4,1,1,0,0
P037,RUS-T-04,RUS-T,,token,s9t5,1,1,0,0
P037,RUS-T-04,RUS-T,,token,s9t6,1,1,0,0
P037,RUS-T-04,RUS-T,,token,s10t0,1,1,0,0
P037,RUS-T-04,RUS-T,,token,s10t1,1,1,0,0
P037,RUS-T-04,RUS-T,,token,s10t2,1,1,0,0
P037,RUS-T-04,RUS-T,,token,s10t3,1,1,0,0
P037,RUS-T-04,RUS-T,,token,s10t4,1,1,0,0
P037,RUS-T-04,RUS-T,,token,s10t5,1,1,0,0
P037,RUS-T-04,RUS-T,,token,s10t6,1,1,0,0
P037,RUS-T-04,RUS-T,,token,s10t7,1,1,0,0
P037,RUS-T-04,RUS-T,,token,s10t8,1,1,0,0
P037,RUS-T-04,RUS-T,,token,s10t9,1,1,0,0
P037,RUS-T-04,RUS-T,,token,s10t10,1,1,0,0
P037,RUS-T-04,RUS-T,,token,s10t11,1,1,0,0
P037,RUS-T-04,RUS-T,,token,s10t12,1,1,0,0
P037,RUS-T-04,RUS-T,,token,s10t13,1,1,0,0
P037,RUS-T-04,RUS-T,,token,s10t14,1,1,0,0
P037,RUS-T-04,RUS-T,,token,s10t15,1,1,0,0
P037,RUS-T-04,RUS-T,,token,s10t16,1,1,0,0
P037,RUS-T-04,RUS-T,,token,s10t17,1,1,0,0
P037,RUS-T-04,RUS-T,,token,s10t18,1,1,0,0
P037,RUS-T-04,RUS-T,,token,s10t19,1,1,0,0
P037,RUS-T-04,RUS-T,,token,s10t20,1,1,0,0
P037,RUS-T-04,RUS-T,,token,s10t21,1,1,0,0
P037,RUS-T-04,RUS-T,,token,s10t22,1,1,0,0
P038,RUS-T-07,RUS-T,,token,s13t0,1,1,0,0
P038,RUS-T-07,RUS-T,,token,s13t1,1,1,0,0
P038,RUS-T-07,RUS-T,,token,s13t2,1,1,0,0
P038,RUS-T-07,RUS-T,,token,s13t3,1,1,0,0
P038,RUS-T-07,RUS-T,,token,s13t4,1,1,0,0
P038,RUS-T-07,RUS-T,,token,s14t0,1,1,0,0
P038,RUS-T-07,RUS-T,,token,s14t1,1,1,0,0
P038,RUS-T-07,RUS-T,,token,s14t2,1,1,0,0
P038,RUS-T-07,RUS-T,,token,s14t3,1,1,0,0
P038,RUS-T-07,RUS-T,,token,s15t0,1,1,0,0
P038,RUS-T-07,RUS-T,,token,s15t1,1,1,0,0
P038,RUS-T-07,RUS-T,,token,s15t2,1,1,0,0
P038,RUS-T-07,RUS-T,,token,s15t3,1,1,0,0
P038,RUS-T-07,RUS-T,,token,s16t0,1,1,0,0
P038,RUS-T-07,RUS-T,,token,s16t1,1,1,0,0
P038,RUS-T-07,RUS-T,,token,s16t2,1,1,0,0
P038,RUS-T-07,RUS-T,,token,s16t3,1,1,0,0
P038,RUS-T-07,RUS-T,,token,s16t4,1,1,0,0
P038,RUS-T-07,RUS-T,,token,s17t0,1,1,0,0
P038,RUS-T-07,RUS-T,,token,s17t1,1,1,0,0
P039,RUS-T-10,RUS-T,,token,s16t0,1,1,0,0
P039,RUS-T-10,RUS-T,,token,s16t1,1,1,0,0
P039,RUS-T-10,RUS-T,,token,s16t2,1,1,0,0
P039,RUS-T-10,RUS-T,,token,s16t3,1,1,0,0
P039,RUS-T-10,RUS-T,,token,s16t4,1,1,0,0
P039,RUS-T-10,RUS-T,,token,s16t5,1,1,0,0
P039,RUS-T-10,RUS-T,,token,s16t6,1,1,0,0
P039,RUS-T-10,RUS-T,,token,s17t0,1,1,0,0
P039,RUS-T-10,RUS-T,,token,s17t1,1,1,0,0
P039,RUS-T-10,RUS-T,,token,s17t2,1,1,0,0
P039,RUS-T-10,RUS-T,,token,s17t3,1,1,0,0
P039,RUS-T-10,RUS-T,,token,s17t4,1,1,0,0
P039,RUS-T-10,RUS-T,,token,s17t5,1,1,0,0
P039,RUS-T-10,RUS-T,,token,s17t6,1,1,0,0
P039,RUS-T-10,RUS-T,,token,s17t7,1,1,0,0
P039,RUS-T-10,RUS-T,,token,s17t8,1,1,0,0
P039,RUS-T-10,RUS-T,,token,s17t9,1,1,0,0
P039,RUS-T-10,RUS-T,,token,s17t10,1,1,0,0
P039,RUS-T-10,RUS-T,,token,s17t11,1,1,0,0
P039,RUS-T-10,RUS-T,,token,s17t12,1,1,0,0
P039,RUS-T-10,RUS-T,,token,s17t13,1,1,0,0
P039,RUS-T-10,RUS-T,,token,s17t14,1,1,0,0
P039,RUS-T-10,RUS-T,,token,s18t0,1,1,0,0
P039,RUS-T-10,RUS-T,,token,s18t1,1,1,0,0
P039,RUS-T-10,RUS-T,,token,s18t2,1,1,0,0
P039,RUS-T-10,RUS-T,,token,s18t3,1,1,0,0
P039,RUS-T-10,RUS-T,,token,s18t4,1,1,0,0
P039,RUS-T-10,RUS-T,,token,s18t5,1,1,0,0
P039,RUS-T-10,RUS-T,,token,s18t6,1,1,0,0
P039,RUS-T-10,RUS-T,,token,s18t7,1,1,0,0
P039,RUS-T-10,RUS-T,,token,s18t8,1,1,0,0
P039,RUS-T-10,RUS-T,,token,s18t9,1,1,0,0
P039,RUS-T-10,RUS-T,,token,s18t10,1,1,0,0
P039,RUS-T-10,RUS-T,,token,s18t11,1,1,0,0
P039,RUS-T-10,RUS-T,,token,s18t12,1,1,0,0
P039,RUS-T-10,RUS-T,,token,s18t13,1,1,0,0
P039,RUS-T-10,RUS-T,,token,s18t14,1,1,0,0
P039,RUS-T-10,RUS-T,,token,s19t0,1,1,0,0
P039,RUS-T-10,RUS-T,,token,s19t1,1,1,0,0
P039,RUS-T-10,RUS-T,,token,s19t2,1,1,0,0
P039,RUS-T-10,RUS-T,,token,s19t3,1,1,0,0
P039,RUS-T-10,RUS-T,,token,s20t0,1,1,0,0
P039,RUS-T-10,RUS-T,,token,s20t1,1,1,0,0
P039,RUS-T-10,RUS-T,,token,s20t2,1,1,0,0
P039,RUS-T-10,RUS-T,,token,s20t3,1,1,0,0
P040,RUS-T-18,RUS-T,,token,s23t0,1,1,0,0
P040,RUS-T-18,RUS-T,,token,s23t1,1,1,0,0
P040,RUS-T-18,RUS-T,,token,s23t2,1,1,0,0
P040,RUS-T-18,RUS-T,,token,s23t3,1,1,0,0
P040,RUS-T-18,RUS-T,,token,s23t4,1,1,0,0
P040,RUS-T-18,RUS-T,,token,s23t5,1,1,0,0
P040,RUS-T-18,RUS-T,,token,s23t6,1,1,0,0
P040,RUS-T-18,RUS-T,,token,s23t7,1,1,0,0
P040,RUS-T-18,RUS-T,,token,s23t8,1,1,0,0
P040,RUS-T-18,RUS-T,,token,s23t9,1,1,0,0
P040,RUS-T-18,RUS-T,,token,s23t10,1,1,0,0
P040,RUS-T-18,RUS-T,,token,s23t11,1,1,0,0
P040,RUS-T-18,RUS-T,,token,s23t12,1,1,0,0
P040,RUS-T-18,RUS-T,,token,s23t13,1,1,0,0
P040,RUS-T-18,RUS-T,,token,s23t14,1,1,0,0
P040,RUS-T-18,RUS-T,,token,s23t15,1,1,0,0
P040,RUS-T-18,RUS-T,,token,s23t16,1,1,0,0
P040,RUS-T-18,RUS-T,,token,s23t17,1,1,0,0
P040,RUS-T-18,RUS-T,,token,s23t18,1,1,0,0
P040,RUS-T-18,RUS-T,,token,s23t19,1,1,0,0
P040,RUS-T-18,RUS-T,,token,s23t20,1,1,0,0
P040,RUS-T-18,RUS-T,,token,s23t21,1,1,0,0
P040,RUS-T-18,RUS-T,,token,s23t22,1,1,0,0
P040,RUS-T-18,RUS-T,,token,s24t0,1,1,0,0
P040,RUS-T-18,RUS-T,,token,s24t1,1,1,0,0
P040,RUS-T-18,RUS-T,,token,s24t2,1,1,0,0
P040,RUS-T-18,RUS-T,,token,s25t0,1,1,0,0
P040,RUS-T-18,RUS-T,,token,s25t1,1,1,0,0
P040,RUS-T-18,RUS-T,,token,s25t2,1,1,0,0
P040,RUS-T-18,RUS-T,,token,s25t3,1,1,0,0
P040,RUS-T-18,RUS-T,,token,s26t0,1,1,0,0
P040,RUS-T-18,RUS-T,,token,s26t1,1,1,0,0
P040,RUS-T-18,RUS-T,,token,s26t2,1,1,0,0
P040,RUS-T-18,RUS-T,,token,s26t3,1,1,0,0
P040,RUS-T-18,RUS-T,,token,s26t4,1,1,0,0
P040,RUS-T-18,RUS-T,,token,s26t5,1,1,0,0
P040,RUS-T-18,RUS-T,,token,s26t6,1,1,0,0
P040,RUS-T-18,RUS-T,,token,s26t7,1,1,0,0
P040,RUS-T-18,RUS-T,,token,s27t0,1,1,0,0
P040,RUS-T-18,RUS-T,,token,s27t1,1,1,0,0
P040,RUS-T-18,RUS-T,,token,s27t2,1,1,0,0
P040,RUS-T-18,RUS-T,,token,s27t3,1,1,0,0
P040,RUS-T-18,RUS-T,,token,s27t4,1,1,0,0
P001,RUS-O-01,RUS-O,,pos,s7t0,PRON,PRON,0,0
P001,RUS-O-01,RUS-O,,pos,s7t1,ADV,VERB,0,0
P001,RUS-O-01,RUS-O,,pos,s7t2,VERB,VERB,0,0
P001,RUS-O-01,RUS-O,,pos,s7t3,NOUN,NOUN,0,0
P001,RUS-O-01,RUS-O,,pos,s7t5,VERB,VERB,0,0
P001,RUS-O-01,RUS-O,,pos,s7t7,VERB,VERB,0,0
P001,RUS-O-01,RUS-O,,pos,s7t9,ADP,NOUN,0,0
P001,RUS-O-01,RUS-O,,pos,s7t10,NOUN,NOUN,0,0
P001,RUS-O-01,RUS-O,,pos,s7t11,CCONJ,CCONJ,0,0
P001,RUS-O-01,RUS-O,,pos,s7t12,VERB,VERB,0,0
P001,RUS-O-01,RUS-O,,pos,s7t13,ADP,ADP,0,0
P001,RUS-O-01,RUS-O,,pos,s7t14,NOUN,NOUN,0,0
P002,RUS-O-02,RUS-O,,pos,s24t0,ADV,ADV,0,0
P002,RUS-O-02,RUS-O,,pos,s24t1,NOUN,NOUN,0,0
P002,RUS-O-02,RUS-O,,pos,s24t2,VERB,VERB,0,0
P002,RUS-O-02,RUS-O,,pos,s24t3,CCONJ,CCONJ,0,0
P002,RUS-O-02,RUS-O,,pos,s24t4,ADP,ADP,0,0
P002,RUS-O-02,RUS-O,,pos,s24t5,PRON,PRON,0,0
P002,RUS-O-02,RUS-O,,pos,s24t6,VERB,VERB,0,0
P002,RUS-O-02,RUS-O,,pos,s24t7,DET,DET,0,0
P002,RUS-O-02,RUS-O,,pos,s24t8,DET,ADJ,0,0
P002,RUS-O-02,RUS-O,,pos,s24t9,ADJ,ADJ,0,0
P002,RUS-O-02,RUS-O,,pos,s24t10,NOUN,PROPN,0,1
P003,RUS-O-03,RUS-O,,pos,s373t1,VERB,VERB,0,0
P003,RUS-O-03,RUS-O,,pos,s373t2,PART,AUX,0,0
P003,RUS-O-03,RUS-O,,pos,s373t3,ADV,ADV,0,0
P003,RUS-O-03,RUS-O,,pos,s373t5,SCONJ,SCONJ,0,0
P003,RUS-O-03,RUS-O,,pos,s373t6,DET,PRON,0,0
P004,RUS-O-04,RUS-O,,pos,s31t0,CCONJ,CCONJ,0,0
P004,RUS-O-04,RUS-O,,pos,s31t1,VERB,VERB,0,0
P004,RUS-O-04,RUS-O,,pos,s31t3,SCONJ,SCONJ,0,0
P004,RUS-O-04,RUS-O,,pos,s31t4,VERB,ADV,0,0
P004,RUS-O-04,RUS-O,,pos,s31t5,VERB,AUX,0,0
P004,RUS-O-04,RUS-O,,pos,s31t6,ADJ,ADJ,0,0
P004,RUS-O-04,RUS-O,,pos,s31t7,CCONJ,CCONJ,0,0
P004,RUS-O-04,RUS-O,,pos,s31t8,ADJ,ADJ,0,0
P004,RUS-O-04,RUS-O,,pos,s31t10,CCONJ,CCONJ,0,0
P004,RUS-O-04,RUS-O,,pos,s31t11,ADP,ADP,0,0
P004,RUS-O-04,RUS-O,,pos,s31t12,DET,PRON,0,0
P004,RUS-O-04,RUS-O,,pos,s31t13,ADV,ADV,0,0
P004,RUS-O-04,RUS-O,,pos,s31t14,PART,PART,0,0
P004,RUS-O-04,RUS-O,,pos,s31t15,ADJ,ADJ,0,0
P005,RUS-O-05,RUS-O,,pos,s4t0,NOUN,NOUN,0,1
P005,RUS-O-05,RUS-O,,pos,s4t1,VERB,AUX,0,0
P005,RUS-O-05,RUS-O,,pos,s4t2,ADJ,ADJ,0,0
P005,RUS-O-05,RUS-O,,pos,s4t4,ADJ,ADJ,0,0
P005,RUS-O-05,RUS-O,,pos,s4t5,NOUN,NOUN,0,0
P005,RUS-O-05,RUS-O,,pos,s4t6,CCONJ,CCONJ,0,0
P005,RUS-O-05,RUS-O,,pos,s4t7,ADV,ADV,0,0
P005,RUS-O-05,RUS-O,,pos,s4t8,PART,PART,0,0
P005,RUS-O-05,RUS-O,,pos,s4t9,VERB,VERB,0,0
P005,RUS-O-05,RUS-O,,pos,s4t11,ADV,ADV,0,0
P005,RUS-O-05,RUS-O,,pos,s4t12,PRON,PRON,0,0
P005,RUS-O-05,RUS-O,,pos,s4t13,VERB,VERB,0,0
P005,RUS-O-05,RUS-O,,pos,s4t14,DET,DET,0,0
P005,RUS-O-05,RUS-O,,pos,s4t15,NOUN,NOUN,0,0
P006,RUS-O-06,RUS-O,,pos,s323t0,ADV,PRON,0,0
P006,RUS-O-06,RUS-O,,pos,s323t1,ADV,PART,0,0
P006,RUS-O-06,RUS-O,,pos,s323t2,NOUN,NOUN,0,0
P006,RUS-O-06,RUS-O,,pos,s323t3,PRON,PRON,0,0
P006,RUS-O-06,RUS-O,,pos,s323t4,VERB,VERB,0,0
P006,RUS-O-06,RUS-O,,pos,s323t5,VERB,VERB,0,0
P006,RUS-O-06,RUS-O,,pos,s323t6,NOUN,NOUN,0,0
P006,RUS-O-06,RUS-O,,pos,s323t7,CCONJ,CCONJ,0,0
P006,RUS-O-06,RUS-O,,pos,s323t8,VERB,VERB,0,0
P006,RUS-O-06,RUS-O,,pos,s323t9,NOUN,NOUN,0,0
P006,RUS-O-06,RUS-O,,pos,s323t10,VERB,VERB,0,0
P006,RUS-O-06,RUS-O,,pos,s323t11,ADJ,ADJ,0,0
P006,RUS-O-06,RUS-O,,pos,s323t12,NOUN,NOUN,0,0
P007,RUS-O-07,RUS-O,,pos,s113t1,VERB,VERB,0,0
P008,RUS-O-08,RUS-O,,pos,s55t0,NOUN,NOUN,0,0
P008,RUS-O-08,RUS-O,,pos,s55t1,VERB,VERB,0,0
P008,RUS-O-08,RUS-O,,pos,s55t2,PROPN,PROPN,0,0
P008,RUS-O-08,RUS-O,,pos,s55t3,CCONJ,CCONJ,0,0
P008,RUS-O-08,RUS-O,,pos,s55t4,VERB,VERB,0,0
P008,RUS-O-08,RUS-O,,pos,s55t5,ADP,ADP,0,0
P008,RUS-O-08,RUS-O,,pos,s55t6,NOUN,NOUN,0,0
P009,RUS-O-09,RUS-O,,pos,s63t0,PRON,PRON,0,0
P009,RUS-O-09,RUS-O,,pos,s63t1,VERB,VERB,0,0
P009,RUS-O-09,RUS-O,,pos,s63t2,ADP,ADP,0,0
P009,RUS-O-09,RUS-O,,pos,s63t3,NUM,ADJ,0,0
P009,RUS-O-09,RUS-O,,pos,s63t4,NOUN,NOUN,0,0
P009,RUS-O-09,RUS-O,,pos,s63t5,NOUN,NOUN,0,0
P009,RUS-O-09,RUS-O,,pos,s63t8,ADP,ADP,0,0
P009,RUS-O-09,RUS-O,,pos,s63t9,NOUN,NOUN,0,0
P010,RUS-O-10,RUS-O,,pos,s151t0,VERB,VERB,0,0
P010,RUS-O-10,RUS-O,,pos,s151t1,NOUN,NOUN,0,0
P011,RUS-O-11,RUS-O,,pos,s483t1,NOUN,PROPN,0,1
P011,RUS-O-11,RUS-O,,pos,s483t2,PRON,ADJ,0,0
P011,RUS-O-11,RUS-O,,pos,s483t3,ADJ,ADJ,0,0
P011,RUS-O-11,RUS-O,,pos,s483t5,ADV,ADV,0,0
P011,RUS-O-11,RUS-O,,pos,s483t6,PRON,PRON,0,0
P011,RUS-O-11,RUS-O,,pos,s483t7,ADP,ADP,0,0
P011,RUS-O-11,RUS-O,,pos,s483t8,NOUN,NOUN,0,0
P011,RUS-O-11,RUS-O,,pos,s483t9,VERB,VERB,0,0
P012,RUS-O-12,RUS-O,,pos,s189t0,PRON,PRON,0,0
P012,RUS-O-12,RUS-O,,pos,s189t1,NOUN,NOUN,0,0
P012,RUS-O-12,RUS-O,,pos,s189t2,VERB,VERB,0,0
P013,RUS-O-13,RUS-O,,pos,s82t0,PRON,PRON,0,0
P013,RUS-O-13,RUS-O,,pos,s82t1,ADP,ADP,0,0
P013,RUS-O-13,RUS-O,,pos,s82t2,PROPN,PROPN,0,0
P013,RUS-O-13,RUS-O,,pos,s82t3,PART,ADV,0,0
P013,RUS-O-13,RUS-O,,pos,s82t4,VERB,VERB,0,0
P013,RUS-O-13,RUS-O,,pos,s82t5,VERB,VERB,0,0
P014,RUS-O-14,RUS-O,,pos,s8t0,VERB,VERB,0,0
P014,RUS-O-14,RUS-O,,pos,s8t1,PART,PART,0,0
P014,RUS-O-14,RUS-O,,pos,s8t2,ADJ,ADV,0,0
P014,RUS-O-14,RUS-O,,pos,s8t3,ADP,ADP,0,0
P014,RUS-O-14,RUS-O,,pos,s8t4,PRON,PRON,0,0
P014,RUS-O-14,RUS-O,,pos,s8t5,VERB,VERB,0,0
P015,RUS-O-15,RUS-O,,pos,s41t0,VERB,VERB,0,0
P015,RUS-O-15,RUS-O,,pos,s41t2,VERB,VERB,0,0
P015,RUS-O-15,RUS-O,,pos,s41t4,PART,PART,0,0
P015,RUS-O-15,RUS-O,,pos,s41t5,VERB,VERB,0,0
P015,RUS-O-15,RUS-O,,pos,s41t7,PRON,PRON,0,0
P015,RUS-O-15,RUS-O,,pos,s41t8,ADV,ADV,0,0
P015,RUS-O-15,RUS-O,,pos,s41t9,PRON,PRON,0,0
P015,RUS-O-15,RUS-O,,pos,s41t10,VERB,VERB,0,0
P016,RUS-O-16,RUS-O,,pos,s61t1,ADV,ADV,0,0
P016,RUS-O-16,RUS-O,,pos,s61t2,VERB,NOUN,0,0
P016,RUS-O-16,RUS-O,,pos,s61t3,ADJ,ADJ,0,0
P017,RUS-O-22,RUS-O,,pos,s229t0,PART,SCONJ,0,0
P017,RUS-O-22,RUS-O,,pos,s229t1,NOUN,NOUN,0,0
P018,RUS-O-28,RUS-O,,pos,s17t0,ADV,NOUN,0,0
P018,RUS-O-28,RUS-O,,pos,s17t1,NOUN,NOUN,0,0
P018,RUS-O-28,RUS-O,,pos,s17t2,VERB,VERB,0,0
P019,RUS-O-32,RUS-O,,pos,s20t0,CCONJ,CCONJ,0,0
P019,RUS-O-32,RUS-O,,pos,s20t1,ADV,ADV,0,0
P019,RUS-O-32,RUS-O,,pos,s20t2,NOUN,NOUN,0,1
P019,RUS-O-32,RUS-O,,pos,s20t3,VERB,VERB,0,0
P019,RUS-O-32,RUS-O,,pos,s20t6,INTJ,CCONJ,0,0
P019,RUS-O-32,RUS-O,,pos,s20t7,PRON,PRON,0,0
P019,RUS-O-32,RUS-O,,pos,s20t8,PART,PRON,0,0
P019,RUS-O-32,RUS-O,,pos,s20t9,PRON,PRON,0,0
P019,RUS-O-32,RUS-O,,pos,s20t10,VERB,ADV,0,0
P020,RUS-O-50,RUS-O,,pos,s61t0,VERB,VERB,0,0
P020,RUS-O-50,RUS-O,,pos,s61t1,NOUN,NOUN,0,0
P020,RUS-O-50,RUS-O,,pos,s61t2,PRON,DET,0,0
P020,RUS-O-50,RUS-O,,pos,s61t3,CCONJ,CCONJ,0,0
P020,RUS-O-50,RUS-O,,pos,s61t4,VERB,VERB,0,0
P020,RUS-O-50,RUS-O,,pos,s61t5,PRON,PRON,0,0
P020,RUS-O-50,RUS-O,,pos,s61t6,ADV,ADV,0,0
P021,RUS-T-01,RUS-T,,pos,s90t0,NOUN,NOUN,0,0
P021,RUS-T-01,RUS-T,,pos,s90t1,VERB,VERB,0,0
P021,RUS-T-01,RUS-T,,pos,s90t2,PRON,PRON,0,0
P021,RUS-T-01,RUS-T,,pos,s90t3,VERB,VERB,0,0
P021,RUS-T-01,RUS-T,,pos,s90t5,PRON,PRON,0,0
P021,RUS-T-01,RUS-T,,pos,s90t6,VERB,ADJ,0,0
P021,RUS-T-01,RUS-T,,pos,s90t8,CCONJ,CCONJ,0,0
P021,RUS-T-01,RUS-T,,pos,s90t9,NOUN,NOUN,0,0
P021,RUS-T-01,RUS-T,,pos,s90t10,VERB,VERB,0,0
P021,RUS-T-01,RUS-T,,pos,s90t12,PRON,PRON,0,0
P021,RUS-T-01,RUS-T,,pos,s90t13,VERB,VERB,0,0
P021,RUS-T-01,RUS-T,,pos,s90t14,ADV,ADJ,0,0
P021,RUS-T-01,RUS-T,,pos,s90t15,CCONJ,CCONJ,0,0
P021,RUS-T-01,RUS-T,,pos,s90t16,ADV,ADV,0,0
P021,RUS-T-01,RUS-T,,pos,s90t17,VERB,VERB,0,0
P021,RUS-T-01,RUS-T,,pos,s90t18,VERB,VERB,0,0
P021,RUS-T-01,RUS-T,,pos,s90t20,ADJ,ADJ,0,0
P022,RUS-T-02,RUS-T,,pos,s45t1,VERB,PROPN,0,0
P023,RUS-T-03,RUS-T,,pos,s37t0,SCONJ,SCONJ,0,0
P023,RUS-T-03,RUS-T,,pos,s37t1,NOUN,NOUN,0,0
P023,RUS-T-03,RUS-T,,pos,s37t2,VERB,VERB,0,0
P023,RUS-T-03,RUS-T,,pos,s37t3,ADP,ADP,0,0
P023,RUS-T-03,RUS-T,,pos,s37t4,NOUN,NOUN,0,0
P023,RUS-T-03,RUS-T,,pos,s37t6,PROPN,PROPN,0,0
P023,RUS-T-03,RUS-T,,pos,s37t7,PART,PART,0,0
P023,RUS-T-03,RUS-T,,pos,s37t8,VERB,VERB,0,0
P023,RUS-T-03,RUS-T,,pos,s37t9,PART,CCONJ,0,0
P023,RUS-T-03,RUS-T,,pos,s37t10,NOUN,NOUN,0,0
P023,RUS-T-03,RUS-T,,pos,s37t12,NOUN,NOUN,0,0
P023,RUS-T-03,RUS-T,,pos,s37t13,VERB,VERB,0,0
P023,RUS-T-03,RUS-T,,pos,s37t14,PRON,PRON,0,0
P023,RUS-T-03,RUS-T,,pos,s37t16,SCONJ,SCONJ,0,0
P023,RUS-T-03,RUS-T,,pos,s37t17,VERB,ADV,0,0
P023,RUS-T-03,RUS-T,,pos,s37t18,VERB,VERB,0,0
P023,RUS-T-03,RUS-T,,pos,s37t19,ADP,ADP,0,0
P023,RUS-T-03,RUS-T,,pos,s37t20,NOUN,NOUN,0,0
P024,RUS-T-05,RUS-T,,pos,s153t0,CCONJ,CCONJ,0,0
P024,RUS-T-05,RUS-T,,pos,s153t1,PROPN,PROPN,0,1
P024,RUS-T-05,RUS-T,,pos,s153t2,PART,PART,0,0
P024,RUS-T-05,RUS-T,,pos,s153t3,VERB,VERB,0,0
P024,RUS-T-05,RUS-T,,pos,s153t4,VERB,VERB,0,0
P024,RUS-T-05,RUS-T,,pos,s153t5,NOUN,NOUN,0,0
P025,RUS-T-06,RUS-T,,pos,s14t0,PRON,PRON,0,0
P025,RUS-T-06,RUS-T,,pos,s14t1,VERB,VERB,0,0
P025,RUS-T-06,RUS-T,,pos,s14t3,SCONJ,SCONJ,0,0
P025,RUS-T-06,RUS-T,,pos,s14t4,ADV,NOUN,0,0
P025,RUS-T-06,RUS-T,,pos,s14t5,ADV,ADV,0,0
P025,RUS-T-06,RUS-T,,pos,s14t6,VERB,VERB,0,0
P025,RUS-T-06,RUS-T,,pos,s14t7,ADJ,ADJ,0,0
P025,RUS-T-06,RUS-T,,pos,s14t8,NOUN,NOUN,0,0
P025,RUS-T-06,RUS-T,,pos,s14t10,CCONJ,CCONJ,0,0
P025,RUS-T-06,RUS-T,,pos,s14t11,ADV,ADV,0,0
P025,RUS-T-06,RUS-T,,pos,s14t13,ADP,ADP,0,0
P025,RUS-T-06,RUS-T,,pos,s14t14,NOUN,NOUN,0,0
P026,RUS-T-08,RUS-T,,pos,s67t0,PRON,PRON,0,0
P026,RUS-T-08,RUS-T,,pos,s67t1,VERB,VERB,0,0
P026,RUS-T-08,RUS-T,,pos,s67t2,NOUN,NOUN,0,0
P026,RUS-T-08,RUS-T,,pos,s67t5,VERB,VERB,0,0
P026,RUS-T-08,RUS-T,,pos,s67t8,VERB,VERB,0,0
P027,RUS-T-09,RUS-T,,pos,s30t0,DET,PRON,0,0
P027,RUS-T-09,RUS-T,,pos,s30t1,ADV,ADV,0,0
P027,RUS-T-09,RUS-T,,pos,s30t2,ADV,ADJ,0,0
P028,RUS-T-11,RUS-T,,pos,s70t0,ADV,ADV,0,0
P028,RUS-T-11,RUS-T,,pos,s70t1,DET,DET,0,0
P028,RUS-T-11,RUS-T,,pos,s70t2,NOUN,NOUN,0,0
P028,RUS-T-11,RUS-T,,pos,s70t4,SCONJ,SCONJ,0,0
P028,RUS-T-11,RUS-T,,pos,s70t5,CCONJ,PART,0,0
P028,RUS-T-11,RUS-T,,pos,s70t6,NOUN,NOUN,0,0
P028,RUS-T-11,RUS-T,,pos,s70t7,PART,PART,0,0
P028,RUS-T-11,RUS-T,,pos,s70t8,VERB,VERB,0,0
P029,RUS-T-12,RUS-T,,pos,s17t0,PRON,PRON,0,0
P029,RUS-T-12,RUS-T,,pos,s17t1,VERB,VERB,0,0
P029,RUS-T-12,RUS-T,,pos,s17t2,CCONJ,CCONJ,0,0
P029,RUS-T-12,RUS-T,,pos,s17t3,PART,PART,0,0
P029,RUS-T-12,RUS-T,,pos,s17t4,VERB,VERB,0,0
P029,RUS-T-12,RUS-T,,pos,s17t5,PRON,PRON,0,0
P029,RUS-T-12,RUS-T,,pos,s17t6,ADV,ADV,0,0
P030,RUS-T-13,RUS-T,,pos,s57t0,PROPN,PROPN,0,0
P030,RUS-T-13,RUS-T,,pos,s57t1,VERB,VERB,0,0
P030,RUS-T-13,RUS-T,,pos,s57t2,CCONJ,CCONJ,0,0
P030,RUS-T-13,RUS-T,,pos,s57t3,PART,PART,0,0
P030,RUS-T-13,RUS-T,,pos,s57t4,VERB,VERB,0,0
P030,RUS-T-13,RUS-T,,pos,s57t6,CCONJ,CCONJ,0,0
P030,RUS-T-13,RUS-T,,pos,s57t7,SCONJ,SCONJ,0,0
P030,RUS-T-13,RUS-T,,pos,s57t8,VERB,VERB,0,0
P030,RUS-T-13,RUS-T,,pos,s57t9,ADJ,ADJ,0,0
P030,RUS-T-13,RUS-T,,pos,s57t10,NOUN,NOUN,0,0
P030,RUS-T-13,RUS-T,,pos,s57t11,NOUN,NOUN,0,0
P030,RUS-T-13,RUS-T,,pos,s57t13,NOUN,NOUN,0,0
P030,RUS-T-13,RUS-T,,pos,s57t14,SCONJ,SCONJ,0,0
P030,RUS-T-13,RUS-T,,pos,s57t15,PART,PART,0,0
P030,RUS-T-13,RUS-T,,pos,s57t16,VERB,VERB,0,0
P031,RUS-T-14,RUS-T,,pos,s74t1,ADV,ADV,0,0
P031,RUS-T-14,RUS-T,,pos,s74t2,ADV,ADJ,0,0
P031,RUS-T-14,RUS-T,,pos,s74t5,VERB,VERB,0,0
P031,RUS-T-14,RUS-T,,pos,s74t6,NOUN,PROPN,0,0
P031,RUS-T-14,RUS-T,,pos,s74t7,NOUN,NOUN,0,0
P032,RUS-T-15,RUS-T,,pos,s72t0,CCONJ,CCONJ,0,0
P032,RUS-T-15,RUS-T,,pos,s72t1,VERB,VERB,0,0
P032,RUS-T-15,RUS-T,,pos,s72t4,VERB,VERB,0,0
P032,RUS-T-15,RUS-T,,pos,s72t5,PROPN,PROPN,0,1
P033,RUS-T-16,RUS-T,,pos,s73t0,ADV,ADV,0,0
P033,RUS-T-16,RUS-T,,pos,s73t1,NOUN,NOUN,0,0
P033,RUS-T-16,RUS-T,,pos,s73t2,PROPN,PROPN,0,1
P033,RUS-T-16,RUS-T,,pos,s73t3,VERB,VERB,0,0
P033,RUS-T-16,RUS-T,,pos,s73t4,NOUN,NOUN,0,0
P033,RUS-T-16,RUS-T,,pos,s73t5,NOUN,NOUN,0,0
P034,RUS-T-17,RUS-T,,pos,s5t0,VERB,VERB,0,0
P034,RUS-T-17,RUS-T,,pos,s5t1,NOUN,NOUN,0,0
P034,RUS-T-17,RUS-T,,pos,s5t2,ADP,ADP,0,0
P034,RUS-T-17,RUS-T,,pos,s5t3,NOUN,NOUN,0,0
P034,RUS-T-17,RUS-T,,pos,s5t5,PRON,PRON,0,0
P034,RUS-T-17,RUS-T,,pos,s5t6,VERB,VERB,0,0
P034,RUS-T-17,RUS-T,,pos,s5t7,ADJ,ADJ,0,0
P034,RUS-T-17,RUS-T,,pos,s5t8,NOUN,NOUN,0,0
P035,RUS-T-19,RUS-T,,pos,s55t0,ADP,ADP,0,0
P035,RUS-T-19,RUS-T,,pos,s55t1,NOUN,NOUN,0,0
P035,RUS-T-19,RUS-T,,pos,s55t2,VERB,VERB,0,0
P035,RUS-T-19,RUS-T,,pos,s55t3,NOUN,NOUN,0,0
P036,RUS-T-20,RUS-T,,pos,s17t0,PROPN,NOUN,0,1
P036,RUS-T-20,RUS-T,,pos,s17t1,PART,PART,0,0
P036,RUS-T-20,RUS-T,,pos,s17t2,VERB,VERB,0,0
P037,RUS-T-04,RUS-T,,pos,s6t0,PRON,PROPN,0,0
P037,RUS-T-04,RUS-T,,pos,s6t1,ADJ,ADJ,0,0
P037,RUS-T-04,RUS-T,,pos,s6t2,CCONJ,CCONJ,0,0
P037,RUS-T-04,RUS-T,,pos,s6t3,ADJ,ADV,0,0
P037,RUS-T-04,RUS-T,,pos,s6t4,NOUN,NOUN,0,0
P037,RUS-T-04,RUS-T,,pos,s6t6,ADP,ADP,0,0
P037,RUS-T-04,RUS-T,,pos,s6t7,NOUN,NOUN,0,0
P037,RUS-T-04,RUS-T,,pos,s6t8,NOUN,PROPN,0,0
P037,RUS-T-04,RUS-T,,pos,s6t9,CCONJ,CCONJ,0,0
P037,RUS-T-04,RUS-T,,pos,s6t10,NOUN,NOUN,0,0
P037,RUS-T-04,RUS-T,,pos,s6t11,ADP,ADP,0,0
P037,RUS-T-04,RUS-T,,pos,s6t12,NOUN,NOUN,0,0
P037,RUS-T-04,RUS-T,,pos,s6t14,NOUN,NOUN,0,0
P037,RUS-T-04,RUS-T,,pos,s6t15,NOUN,NOUN,0,0
P037,RUS-T-04,RUS-T,,pos,s6t17,NOUN,NOUN,0,0
P037,RUS-T-04,RUS-T,,pos,s6t18,ADP,ADP,0,0
P037,RUS-T-04,RUS-T,,pos,s6t19,NOUN,NOUN,0,0
P037,RUS-T-04,RUS-T,,pos,s6t21,NOUN,NOUN,0,0
P037,RUS-T-04,RUS-T,,pos,s6t22,NOUN,NOUN,0,0
P037,RUS-T-04,RUS-T,,pos,s6t23,CCONJ,CCONJ,0,0
P037,RUS-T-04,RUS-T,,pos,s6t24,NOUN,NOUN,0,0
P037,RUS-T-04,RUS-T,,pos,s6t25,NOUN,NOUN,0,0
P038,RUS-T-07,RUS-T,,pos,s13t0,NOUN,NOUN,0,0
P038,RUS-T-07,RUS-T,,pos,s13t1,ADJ,NOUN,0,0
P038,RUS-T-07,RUS-T,,pos,s13t2,ADP,ADP,0,0
P038,RUS-T-07,RUS-T,,pos,s13t3,NOUN,NOUN,0,0
P039,RUS-T-10,RUS-T,,pos,s16t1,PRON,PRON,0,0
P039,RUS-T-10,RUS-T,,pos,s16t2,VERB,VERB,0,0
P039,RUS-T-10,RUS-T,,pos,s16t3,NOUN,NOUN,0,0
P039,RUS-T-10,RUS-T,,pos,s16t4,CCONJ,CCONJ,0,0
P039,RUS-T-10,RUS-T,,pos,s16t5,NOUN,NOUN,0,0
P040,RUS-T-18,RUS-T,,pos,s23t1,INTJ,INTJ,1,0
P040,RUS-T-18,RUS-T,,pos,s23t5,PART,PART,0,0
P040,RUS-T-18,RUS-T,,pos,s23t6,PRON,PRON,0,0
P040,RUS-T-18,RUS-T,,pos,s23t7,VERB,VERB,0,0
P040,RUS-T-18,RUS-T,,pos,s23t8,INTJ,PROPN,0,0
P040,RUS-T-18,RUS-T,,pos,s23t10,ADJ,ADJ,0,0
P040,RUS-T-18,RUS-T,,pos,s23t12,INTJ,PROPN,1,0
P040,RUS-T-18,RUS-T,,pos,s23t15,CCONJ,CCONJ,0,0
P040,RUS-T-18,RUS-T,,pos,s23t16,ADP,ADP,0,0
P040,RUS-T-18,RUS-T,,pos,s23t17,NOUN,NOUN,0,0
P040,RUS-T-18,RUS-T,,pos,s23t18,ADJ,ADJ,0,0
P040,RUS-T-18,RUS-T,,pos,s23t19,PART,PART,0,0
P040,RUS-T-18,RUS-T,,pos,s23t20,VERB,VERB,0,0
P040,RUS-T-18,RUS-T,,pos,s23t21,ADV,ADV,0,0
